steam	hơi nước
nothing	không có gì
entry	mục / lối vào
supply	cung cấp
pain	đau
manners	phép lịch sự
moat	hào nước
author	tác giả
one by one	từng cái một
gun	súng
trader	thương nhân
invitation	lời mời
to omit	bỏ sót
the body	cơ thể
figure	hình dáng / số liệu
production	sản xuất
oil	dầu
cleaning	dọn dẹp
tip	mẹo / tiền tip
etc.)	v.v.
reading	cách đọc
pot	nồi
rope	dây thừng
sale	buôn bán
nearby	gần đây
to excel	xuất sắc
forecast	dự báo
to wilt	héo
carpet	thảm
encyclopedia	bách khoa toàn thư
to straddle	cưỡi / bước ngang
model	mẫu / người mẫu
recreation	giải trí
fall	mùa thu / ngã
landlord	chủ nhà
shell	vỏ
rising	dâng lên
taste	vị / thị hiếu
arms	vũ khí / cánh tay
ugly	xấu xí
uncle	chú / bác
cycle	chu kỳ
firm	công ty / chắc
raid	cuộc đột kích
volume	thể tích / tập
contrast	tương phản
stupid	ngu
to rip off	lột / lừa tiền
ruler	thước kẻ / người cai trị
distribution	phân phối
chic	sang trọng
seal	con dấu / hải cẩu
gloom	u ám
heaven	thiên đường
face	khuôn mặt
noble	cao quý
refusal	sự từ chối
ruin	đổ nát
dominion	quyền thống trị
defense	quốc phòng
an auspicious occasion!	dịp lành!
these	những cái này
Damn it!	chết tiệt!
unbearable	không chịu nổi
anywhere	bất cứ đâu
because	bởi vì
scissors	kéo
be amazed	ngạc nhiên
egoism	ích kỷ
on purpose	cố ý
to treat	đãi / điều trị
removal	gỡ bỏ
single word	một từ
a kind	một loại
all at once	cùng một lúc
printing	in ấn
space	không gian
eternity	vĩnh cửu
to confer	ban / trao đổi
bride	cô dâu
counter for occurrences	loại từ đếm lần
pleasant	dễ chịu
enlargement	phóng to
intuition	trực giác
circle	vòng tròn
rock	đá
basis	cơ sở
precious	quý giá
engineer	kỹ sư
safe	an toàn / két sắt
distinction	sự phân biệt
troubles	rắc rối
fault	lỗi
enquiry	sự hỏi han
to abate	giảm bớt
embodiment	sự thể hiện
error	sai sót
happiness	hạnh phúc
aroma	hương thơm
conquest	chinh phục
national or state border	biên giới quốc gia
participation	tham gia
reference	tham khảo
payment	thanh toán
expenses	chi phí
automatic	tự động
to scold	mắng
Prime Minister	thủ tướng
odour	mùi
books	sách
proof	bằng chứng
upper	phía trên
passenger	hành khách
employment	việc làm
meal	bữa ăn
mentality	tâm lý
excuse	lời xin lỗi / lý do
god	thần
to hasten	vội
dust	bụi
tune	giai điệu
tone	giọng
being	sự tồn tại
outsider	người ngoài
horizon	chân trời
sole	đế / duy nhất
enemy	kẻ thù
all night	suốt đêm
tower	tháp
arrival	đến nơi
single	đơn / độc thân
inside	bên trong
riddle	câu đố
sunlight	ánh nắng
the aged	người già
actor	diễn viên
delivery	giao hàng
eruption	phun trào
skin	da
fatigue	mệt mỏi
fur	lông thú
injustice	bất công
lack	thiếu
to add	thêm
scenery	phong cảnh
grip	nắm
parting	chia tay
ghost	ma
pledge	lời cam kết
storage	lưu trữ
foam	bọt
wealth	sự giàu có
wish	ước
rod	thanh / cần
dawn	bình minh
care	chăm sóc
excellence	sự xuất sắc
extra	thêm
thunder	sấm
understanding	sự hiểu
fad	mốt nhất thời
dispute	tranh cãi
as ever	như mọi khi
to scorch	cháy sém
to flood	ngập lụt
this or that	cái này hay cái kia
unawares	bất chợt
wool	len
waitress	nữ phục vụ
noodles (Japanese)	mì (Nhật)
broad	rộng
Thanks to god	tạ ơn trời
side dish	món ăn kèm
smartly dressed	ăn mặc chỉnh tề
Sorry to have kept you waiting	xin lỗi đã để bạn đợi
itchy	ngứa
campus	khuôn viên trường
sneeze	hắt hơi
to attach	gắn
verbose	dài dòng
sincerely	chân thành
chorus	đồng ca
Thank you very much for your	cảm ơn rất nhiều vì
May I come in?	tôi vào được không?
good-bye	tạm biệt
sample	mẫu
tail (animal)	đuôi (động vật)
hiccup	nấc
impudent	láo
scarf	khăn quàng
at least	ít nhất
sour	chua
slim	mảnh
sorry (phrase)	xin lỗi
by all means (with sense of not taking no for an answer)	nhất định
tire	lốp xe
to trick	lừa
to hesitate	do dự
chest of drawers	tủ ngăn kéo
to trip	vấp
nonsense	vô nghĩa
pleased to meet you	rất vui được gặp
somehow or other	bằng cách nào đó
necklace	dây chuyền
saw	cưa
How do you do?	rất hân hạnh
back	lưng / phía sau
by itself	tự nó
to romp	đùa giỡn
to strike	đánh
navel	rốn
bonus	tiền thưởng
poster	tờ áp phích
rag	giẻ
mask	mặt nạ
radiant	rạng rỡ
shameful	đáng xấu hổ
dizziness	chóng mặt
blindly	mù quáng
unavoidable	không tránh được
romanization	phiên âm latin
comparatively	tương đối
great	lớn / tuyệt
moving	cảm động / di chuyển
gravity	trọng lực
fluid	chất lỏng
smoky	khói
reception	tiếp tân
receiving	nhận
meanness	hèn hạ
assumption	giả định
acceleration	gia tốc
burn	bỏng / đốt
release	phóng thích
detour	đường vòng
frequency	tần suất
grey	xám
lid	nắp
expansion	mở rộng
relatively	tương đối
rebate	hoàn tiền
division (math)	phép chia
kettle	ấm đun
dry	khô
battery	pin
instrument	dụng cụ / nhạc cụ
base	cơ sở
waste	lãng phí
to slant	nghiêng
continuation	tiếp tục
guard	bảo vệ
beam	chùm tia / dầm
inspection	kiểm tra
index	mục lục
stubborn	bướng bỉnh
not writing or contacting for a while	lâu không liên lạc
cross	thập tự / băng qua
worker	công nhân
to press	nhấn
resentment	oán giận
mixing	trộn
make	làm
rust (colour)	màu gỉ sét
crossroads	ngã tư
casual	bình thường
dentifrice	kem đánh răng
autonomy	tự trị
moisture	độ ẩm
bar	quầy / thanh
reduction	giảm
exit and entrance	lối ra vào
dictation	chính tả
exhaustion	kiệt sức
ascent	leo lên
up and down	lên xuống
decoration	trang trí
pyjamas	đồ ngủ
to deepen	làm sâu
late at night	khuya
diagnosis	chẩn đoán
extreme	cực đoan
cooking	nấu ăn
china	đồ sứ
month before last	tháng trước nữa
ancestor	tổ tiên
despotism	chuyên chế
to aim at	nhắm
to set up	dựng lên
to scratch	gãi / cào
hateful	đáng ghét
candour	thẳng thắn
waiting room	phòng chờ
acquaintance	người quen
site	địa điểm
filling	nhồi / trám
excess	thừa
diameter	đường kính
addition	phép cộng / thêm
Emperor of Japan	Thiên hoàng
to roll	lăn
to set free	thả
sunset	hoàng hôn
agenda	chương trình nghị sự
efficiency	hiệu suất
sales	doanh số
reflection	phản chiếu
copying	sao chép
tie-up	liên kết
warrior	chiến binh
parts	bộ phận
stationery	văn phòng phẩm
coolness	sự mát
abreast	sánh vai
monk	nhà sư
son (of others)	con trai (của người khác)
naturally	tự nhiên
tray	khay
night train	tàu đêm
negligence	cẩu thả
toll	phí cầu đường
to cool	làm lạnh
to tear	xé
bowl	bát
to twist	vặn
assistance	hỗ trợ
flattery	nịnh
scenario	kịch bản
strike	đình công / đánh
straw	rơm / ống hút
source	nguồn
rude	thô lỗ
fan	quạt / người hâm mộ
uniform	đồng phục
customs	hải quan / phong tục
fate	số phận
at	ở
mansion	dinh thự
pomp	sự xa hoa
grace	ân sủng / duyên
imported	nhập khẩu
point of view	quan điểm
dignity	phẩm giá
fixed date	ngày cố định
conceit	kiêu ngạo
starting point	điểm xuất phát
to deceive	lừa dối
coexistence	cùng tồn tại
sympathy	thông cảm
to harass	quấy rối
formation	sự hình thành
atom	nguyên tử
isolation	cô lập
regret	hối tiếc
promising	hứa hẹn
farming	canh tác
administration	hành chính
buy	mua
surrender	đầu hàng
confession	thú nhận
cruelty	sự độc ác
outlook	triển vọng
charge	phí / phụ trách
variety	đa dạng
masses	quần chúng
living	sinh sống
exhibit	trưng bày
check	kiểm tra
landing	hạ cánh
objection	phản đối
advance	tiến lên
settlement	dàn xếp
raw	sống / thô
grand	hoành tráng
capture	bắt
specialization	chuyên môn hóa
neglect	sao nhãng
lawsuit	vụ kiện
investigation	điều tra
strife	xung đột
synthesis	tổng hợp
to bury	chôn
riot	bạo loạn
flood	lũ lụt
escape	trốn thoát
arriving at	đến
omen	điềm
silence	im lặng
walking	đi bộ
fellow	bạn / gã
pity	thương hại
thriving	thịnh vượng
greedy	tham lam
beach	bãi biển
slump	suy thoái
restoration	phục hồi
sharing	chia sẻ
supplement	bổ sung
honey	mật ong
interest (bank)	lãi suất
fast asleep	ngủ say
roughly	xấp xỉ
neat	gọn gàng
jet aeroplane	máy bay phản lực
style	phong cách
stand	đứng / quầy
a center	trung tâm
face of the earth	mặt đất
simile	ẩn dụ so sánh
dance	nhảy
cheese	phô mai
get	lấy
outflow	dòng chảy ra
tent	lều
copper coin	đồng xu
at any cost	bằng mọi giá
drive	lái xe
drama	kịch
dress	váy
No way!	không đời nào!
What a thing to say!	nói thế sao được!
tunnel	đường hầm
grin	cười toe toét
carefree	vô tư
violin	vĩ cầm
hiking	đi bộ đường dài
pilot	phi công
path	con đường
flop	thất bại
bun	bánh mì tròn
handsome	đẹp trai
beer	bia
picnic	dã ngoại
video	băng hình
pin	ghim
plus	cộng
a brake	phanh
Belt for western clothes	thắt lưng (quần áo Tây)
bench	ghế dài
rowing boat	thuyền chèo
dim	mờ
mike	micro
Mama	mẹ
Miss	cô
memorandum	bản ghi nhớ
humor	hài hước
Europe	châu Âu
yacht	du thuyền
ply	tầng / ply
according to	theo
rider	người cưỡi
paddle	mái chèo
locket	mặt dây chuyền
wine	rượu vang
greeting	lời chào
devil	quỷ
handshake	bắt tay
memorization	ghi nhớ
greatness	sự vĩ đại
to surround	bao quanh
committee member	ủy viên
unexpected	bất ngờ
disorder	rối loạn
maintenance	bảo trì
for certain	chắc chắn
breach	vi phạm
a home	nhà
a moment	một lúc
general	chung / tướng
rice-plant	cây lúa
retire	nghỉ hưu
citation	trích dẫn
counter for birds	loại từ đếm chim
motion	chuyển động
feed	cho ăn / thức ăn
satellite	vệ tinh
sharp	sắc
adjournment	hoãn
acting	diễn / quyền
musical performance	biểu diễn nhạc
flame	ngọn lửa
smoke	khói
monkey	khỉ
a means	phương tiện
reserve	dự trữ
interior	nội thất / bên trong
to traverse	đi xuyên
crossing	giao cắt
prince	hoàng tử
roof	mái nhà
warmth	sự ấm
to lower	hạ xuống
down-train (going away from Tokyo)	tàu chiều (rời Tokyo)
chemistry	hóa học
make-up (cosmetic)	trang điểm
something	cái gì đó
everything	mọi thứ
to append	nối thêm
allowance for	khoản trợ cấp
passable	tạm được
furniture	đồ đạc
housework	việc nhà
rent	tiền thuê
singer	ca sĩ
pastry	bánh ngọt
counter for chapters (of a book)	loại từ đếm chương
the past	quá khứ
we	chúng tôi
artist	nghệ sĩ
sprout	mầm
hurt	đau
diplomacy	ngoại giao
outing	chuyến đi chơi
cough	ho
to ascertain	xác minh
certainty	sự chắc chắn
affirmation	khẳng định
to awaken	đánh thức
horn	sừng / còi
leather	da thuộc
term (school)	học kỳ
scholar	học giả
ease	dễ dàng
brow	trán / lông mày
counting	đếm
perfection	sự hoàn hảo
a patient	bệnh nhân
sense	cảm giác
Well done!	làm tốt lắm!
sweat	mồ hôi
audience	khán giả
flag	cờ
returning home	về nhà
a pity	đáng tiếc
reporter	phóng viên
ogre	yêu tinh
member of the Diet	nghị sĩ
Diet	quốc hội
chairman	chủ tịch
suction	hút
ex-	cựu
cow	bò
living room (western style)	phòng khách (kiểu Tây)
dozing	ngủ gật
sharing with	chia sẻ với
robbery	cướp
herculean strength	sức mạnh phi thường
terrible	khủng khiếp
dread	sợ hãi
teacher (classroom)	giáo viên (lớp)
chest	ngực / rương
court lady	cung nữ
No Smoking!	cấm hút thuốc!
sinew	gân
tension	căng thẳng
amount of money	số tiền
metal	kim loại
credit situation	tình hình tín dụng
poor (at)	kém
casually	tình cờ
native Japanese reading of a Chinese character	cách đọc kun của kanji
criminal case	vụ án hình sự
reckoning	tính toán
theatre	nhà hát
violent	bạo lực
faults	khuyết điểm
hole	lỗ
construction	xây dựng
prefecture	tỉnh
shoulder	vai
escort	hộ tống
wise	khôn ngoan
eaves	mái hiên
nowadays	ngày nay
maxim	châm ngôn
breath	hơi thở
tiger	hổ
the latter	cái sau
honourable	đáng kính
misunderstanding	hiểu lầm
exchange	trao đổi
candidacy	ứng cử
advertisement	quảng cáo
solid	rắn / vững
coin	đồng xu
consideration	sự cân nhắc
flying	bay
going	đi
congress	đại hội
corn	ngô
blackboard	bảng đen
hip	hông
bone	xương
bone fracture	gãy xương
hereafter	từ nay
distress	khốn khổ
betrothal	đính hôn
root	rễ
confusion	lộn xộn
chaos	hỗn loạn
desert	sa mạc
chain	chuỗi / xích
highest	cao nhất
in the middle of	đang giữa
crops	mùa màng
cherry tree	cây anh đào
walk	đi bộ
oxygen	oxy
remnant	phần còn lại
impetus	động lực
memories	kỷ niệm
spontaneous	tự phát
guidance	hướng dẫn
branch store (office)	chi nhánh
poem	bài thơ
poet	nhà thơ
suicide	tự sát
by oneself	một mình
by the way	nhân tiện
realization	nhận ra / thực hiện
enact	ban hành
lawn	bãi cỏ
main	chính
magic	ma thuật
crop	mùa vụ
environs	vùng phụ cận
sandbank	bãi cát
mending	vá
week	tuần
concentration	tập trung
housing	nhà ở
cousin (male)	anh em họ (nam)
delay	trễ
come from	đến từ
presence	sự có mặt
departure	khởi hành
publication	xuất bản
if at all possible	nếu có thể
turn (in line)	lượt
documents	tài liệu
tutor	gia sư
queen	nữ hoàng
actress	nữ diễn viên
win	thắng
scholarship	học bổng
wheat	lúa mì
parcel	bưu kiện
anything of	bất cứ
boys	các cậu
floor	sàn / tầng
consumption	tiêu thụ
laugh	cười
smiling face	nụ cười
elephant	voi
proceeding to the capital (Tokyo)	lên kinh (Tokyo)
jest	trò đùa
castle	lâu đài
common sense	thường thức
plant	cây / nhà máy
dining table	bàn ăn
commodity	hàng hóa
appetite (for food)	sự ngon miệng
rations	khẩu phần
bottom	đáy
signal	tín hiệu
heart	trái tim
prudence	thận trọng
fresh	tươi
direct	trực tiếp
seriousness	nghiêm túc
nerve	thần kinh
intimate	thân mật
buddy	bạn
going on to university	lên đại học
needle	kim
sign of life	dấu hiệu sự sống
crowd of people	đám đông
race (of people)	chủng tộc
mankind	nhân loại
recommendation	giới thiệu
sleep	ngủ
to count	đếm
clean	sạch
birthplace	quê hương
raw food	thức ăn sống
helping	giúp
at best	tốt nhất cũng chỉ
finished goods	thành phẩm
coal	than
to pile up	chồng chất
saving	tiết kiệm
extinction	tuyệt chủng
tongue	lưỡi
the former	cái trước
all hands	tất cả mọi người
prime	chủ yếu / số nguyên tố
to resort to	dựa vào
twins	sinh đôi
nest	tổ
succession	kế tiếp
frost	sương giá
uproar	ồn ào
noise	tiếng ồn
bundle	bó
sequel	phần tiếp
sleeve	tay áo
grandchild	cháu
other (esp. places and things)	khác
sun	mặt trời
temperature (body)	nhiệt độ cơ thể
valence)	hóa trị
stay	ở lại
tedium	buồn chán
arrest	bắt giữ
rich family	nhà giàu
rally	tập hợp
atmosphere	bầu không khí
ambassador	đại sứ
cabinet minister	bộ trưởng
great war	đại chiến
continent	lục địa
to clap	vỗ tay
to snatch away	giật lấy
valley	thung lũng
someone	ai đó
shot	phát súng
prefectural governor	tỉnh trưởng
earth	đất / trái đất
basement	tầng hầm
the earth	trái đất
lateness	sự trễ
tea	trà
stoppage	ngừng
annotation	chú thích
cavity	hốc / sâu răng
parking (e.g. car)	đỗ xe
long time period	thời gian dài
commuting to school	đi học
bus or tram stop	trạm xe buýt / tàu điện
fixed term	kỳ hạn
filing	lưu hồ sơ
mud	bùn
adequate	đủ
moderate	vừa phải
applying	áp dụng
thoroughness	tỉ mỉ
railroad	đường sắt
rice field	ruộng lúa
electron	electron
hare	thỏ rừng
mountain-climbing	leo núi
soil	đất
party (political)	đảng
poll	thăm dò
at that time	lúc đó
peas	đậu Hà Lan
headache	đau đầu
verb	động từ
like	thích / như
coworker	đồng nghiệp
morals	đạo đức
road	đường
poison	thuốc độc
alone	một mình
self-support	tự lập
Japan	Nhật Bản
hospitalization	nhập viện
matriculation	nhập học
tropics	nhiệt đới
nuts!	trời ơi!
months and years	tháng năm
nicely	khéo / tốt
farmer	nông dân
farmers	nông dân
wave	sóng
plum	mận
rainy season	mùa mưa
PhD	tiến sĩ
museum	bảo tàng
applause	vỗ tay
vast	bao la
issue (publications)	số phát hành
departure of a vehicle	xe khởi hành
hair (head)	tóc
board	tấm / bảng
offender	thủ phạm
denial	phủ nhận
they (usually male)	họ (thường nam)
tragedy	bi kịch
comparison	so sánh
to suffer	chịu đựng
aviation	hàng không
subtle	tinh tế
beautiful person (woman)	mỹ nhân
frantic	cuống cuồng
writing brush	bút lông
cord	dây
ice	băng
facial expression	biểu cảm
second (60th min)	giây
bottle	chai
un	ừ
complaint	phàn nàn
discontent	bất mãn
fellowship	tình đồng nghiệp
married couple	vợ chồng
cloth	vải
stage (theatre)	sân khấu
width	chiều rộng
garments	quần áo
Buddha	Đức Phật
sounds	âm thanh
prices (in general)	giá cả
tale	câu chuyện
things	đồ đạc / sự việc
physics	vật lý
phrase	cụm từ
peculiarity	đặc điểm riêng
way	cách / đường
box lunch	cơm hộp
walkway	lối đi
tomb	mộ
bale	kiện
treasure	kho báu
gem	ngọc
call	gọi
rich	giàu
to bay	sủa
cheek (of face)	má
the person himself	bản thân người đó
genuine article	hàng thật
tense)	thì / căng
charm	nét quyến rũ
daze	choáng
ignore	bỏ qua
futility	vô ích
fog	sương mù
lamplight	ánh đèn
lost (stray) child	trẻ lạc
bother	phiền
permit	giấy phép
mug	cốc
blanket	chăn
midnight	nửa đêm
export	xuất khẩu
championship	chức vô địch
validity	hiệu lực
better	tốt hơn
mail	thư
prediction	dự đoán
day of the week	thứ trong tuần
gist	đại ý
wings	cánh
nude	khỏa thân
next (year)	năm sau
storm	bão
six (used in legal documents)	sáu (văn bản pháp lý)
studying abroad	du học
fee	lệ phí
ring	nhẫn / vòng
tear	nước mắt / xé
train (ordinary)	tàu thường
lover	người yêu
serial	nối tiếp
to suffer from	mắc (bệnh)
cage	lồng
luxury	xa xỉ
accent	trọng âm
yawn	ngáp
antenna	ăng-ten
carelessly	bất cẩn
loiteringly	lững thững
etiquette	nghi thức
apron	tạp dề
orchestra	dàn nhạc
automation	tự động hóa
madam	quý bà
Please wait a moment	xin đợi một chút
afternoon refreshment	bữa phụ buổi chiều
organ	cơ quan / đàn organ
worship	thờ phụng
maid	người hầu gái
another cup	thêm một chén
cassette (tape)	băng cát-xét
cover (ex. book)	bìa
chewing gum	kẹo cao su
calorie	calo
fully	đầy đủ
cooler	máy lạnh
it is I who should say so	đáng ra tôi mới phải nói thế
spigot	vòi
secretly	bí mật
concrete	bê tông
siren	còi báo
quickly	nhanh
season (sporting)	mùa giải
sheet	tấm / tờ
insistent	nài nỉ
journalist	nhà báo
to squat	ngồi xổm
shutter	cửa chớp
to suck	hút
a shop	cửa hàng
start	bắt đầu
stewardess	tiếp viên hàng không
stockings	vớ dài
stop	dừng
speaker	loa / diễn giả
slide	trượt / slide
cement	xi măng
which reminds me	nhân tiện nhớ ra
careless	bất cẩn
diagram	sơ đồ
diamond	kim cương
dial	quay số
dumb	câm / ngu
chock	chèn
tennis court	sân tennis
tempo	nhịp độ
throb	đập mạnh
nylon	nilông
lucidly	rõ ràng
pail	xô
leaf)	lá
underpants	quần lót
band	ban nhạc / dây
handle	tay cầm
glitter	lấp lánh
pistol	súng lục
vitamin	vitamin
vinyl	vinyl
pink	hồng
zipper	khóa kéo
grumbling	cằn nhằn
fry pan	chảo
blouse	áo kiểu
brush	bàn chải
plastic	nhựa
platform	sân ga / nền
print	in
brooch	trâm cài
program	chương trình
veteran	cựu binh
helicopter	trực thăng
minus	trừ
confused	lúng túng
eyelids	mí mắt
marathon	marathon
pitiful	đáng thương
sewing machine	máy may
meter (clock)	đồng hồ đo
remarkably	đáng kể
menu	thực đơn
motor	động cơ
monorail	đường sắt đơn
rush hour	giờ cao điểm
lunch	bữa trưa
rhythm	nhịp điệu
litre	lít
ribbon	ruy băng
raincoat	áo mưa
lens	thấu kính
locker	tủ khóa
lobby	sảnh
one-piece dress	váy liền
easy-going	thoải mái
unexpectedly	bất ngờ
unkind	vô tâm
to comfort	an ủi
latitude (nav.)	vĩ độ
a rest	nghỉ ngơi
usual	thường lệ
changing residence	chuyển nhà
subtraction	phép trừ
to take up	đảm nhận
shuttlecock	cầu lông
sliding storm door	cửa chớp bão
canal	kênh
sentence in English	câu tiếng Anh
English-Japanese (e.g. dictionary)	Anh–Nhật
circumference	chu vi
gardening	làm vườn
extension	mở rộng / máy lẻ
play (theatrical)	vở kịch
chimney	ống khói
gloss	độ bóng
trip	chuyến đi
salty (taste)	vị mặn
to dishonour	làm nhục
the West	phương Tây
princess	công chúa
sliding screen	cửa giấy trượt
outdoors	ngoài trời
greenhouse	nhà kính
temperate zone	ôn đới
alighting	xuống xe
month (last third of)	cuối tháng
ditch	mương
underline	gạch chân
wooden clogs	guốc gỗ
Shitamachi	phố cổ (Shitamachi)
kana orthography	chính tả kana
what minute?	phút nào?
aerial	trên không / ăng-ten
a burner	bếp đốt
volcano	núi lửa
fireworks	pháo hoa
taxation	đánh thuế
cargo	hàng hóa
over-	quá
mosquito	muỗi
meeting hall	hội trường
breakup	tan vỡ
book of tickets	tập vé
lump	cục
dubious	đáng ngờ
vexing	khó chịu
to mourn	than khóc
dear	thân mến / đắt
examination of tickets	soát vé
sea bathing	tắm biển
ocean	đại dương
colors	màu sắc
opening of a meeting	khai mạc
surgical department	khoa phẫu thuật
external	bên ngoài
hedge	hàng rào cây
exceptional	đặc biệt
husk	vỏ trấu
probability	xác suất
angle	góc
grade in school	khối lớp
year in school	năm học
undergraduate	sinh viên đại học
musical instrument	nhạc cụ
multiplication	phép nhân
brackets	ngoặc
printing type	chữ in
roof tile	ngói
toast (drink)	cạn ly
frigid zone	hàn đới
wrong guess	đoán sai
thoughts	suy nghĩ
ventilation	thông gió
Chinese Character-Japanese (e.g. dictionary)	Hán–Nhật
to spoil	làm hỏng
nursing (a patient)	chăm bệnh
canning	đóng hộp
observation	quan sát
appreciation	trân trọng
SPC	SPC
indirection	gián tiếp
including Tokyo	kể cả Tokyo
utensil	dụng cụ
atmospheric pressure	khí áp
gas	khí / xăng
to starve	đói
famine	nạn đói
guest seating	chỗ khách
reverse	ngược
inversion	đảo ngược
holiday	ngày lễ
lecture cancelled	nghỉ buổi giảng
to dip	nhúng
grant	cấp
fishing (industry)	ngành đánh cá
fisherman	ngư dân
horse racing	đua ngựa
boundary	ranh giới
pushy	ép
solidify	làm rắn
soba (buckwheat noodles)	mì soba
to resound	vang
to bend	uốn
curve	đường cong
goldfish	cá vàng
punctuation marks	dấu câu
zone	khu
fancy	ưa thích / hoa mỹ
comb	lược
to dig	đào
form	hình thức
true adjective	tính từ -i
adjectival noun	tính từ -na
rapture	ngây ngất
honorific	kính ngữ
longitude	kinh độ
fluorescent lamp	đèn huỳnh quang
end of the month	cuối tháng
steadfast	kiên định
prefectural office	tỉnh đường
outward appearance	bề ngoài
modesty	khiêm tốn
humble	khiêm nhường
sharp eyes	mắt tinh
microscope	kính hiển vi
by nature	bản tính
habitat	môi trường sống
origin	nguồn gốc
raw materials	nguyên liệu
an individual	cá nhân
to summon	triệu tập
paste	hồ dán
pepper	hạt tiêu
the Japanese syllabary	bảng kana
pleasure	niềm vui
junior (at work or school)	em / cấp dưới
bow	cúi chào / cung
font of purifying water placed at entrance of shrine	chậu nước thanh tẩy ở đền
try	thử
Go (board game of capturing territory)	cờ vây
transportation facilities	phương tiện giao thông
intercourse	giao tiếp / quan hệ
the public	công chúng
merit	công lao
brazen	trơ trẽn
lipstick	son môi
matter of taste	vấn đề thị hiếu
filial piety	hiếu thảo
factory worker	công nhân nhà máy
industrial arts	mỹ nghệ
construction work	công trình
to spread	lan
to broaden	mở rộng
plaza	quảng trường
to till	cày
arable land	đất canh tác
lecturer	giảng viên
mineral	khoáng chất
item	mục
perfume	nước hoa
rational	hợp lý
to mince	băm
nationality	quốc tịch
cushion (Japanese)	đệm ngồi
tatami room	phòng tatami
repeatedly	lặp đi lặp lại
month after next	tháng sau nữa
week after next	tuần sau nữa
marking	đánh dấu
calamity	tai họa
to deify	thần thánh hóa
sewing	may vá
lumber	gỗ xẻ
manufacture	chế tạo
erasure	xóa
photographing	chụp ảnh
grating)	rá
dust cloth	khăn lau
triangle	tam giác
to sow	gieo
to scatter	rải
producing area	vùng sản xuất
arithmetic	số học
abacus	bàn tính
acidity	độ chua
to murder	giết
to stab	đâm
sliced raw fish	sashimi
chairmanship	chức chủ tọa
four seasons	bốn mùa
rounding up (fractions)	làm tròn lên
continuously	liên tục
posterity	con cháu
assignment	nhiệm vụ
corpse	thi thể
private railway	đường sắt tư
private (establishment)	tư nhân
wastepaper	giấy vụn
violet	tím / hoa tím
gear	bánh răng
children	trẻ em
taking	lấy
speed (per hour)	tốc độ (giờ)
magnet	nam châm
self-defense	tự vệ
self-study	tự học
to sow (seeds)	gieo hạt
writing	chữ viết
be lovelorn	thất tình
level of humidity	độ ẩm
to ripen	chín
true)	thật
achievements	thành tích
stripe	sọc
sketching	ký họa
obliqueness	xéo
editorial	xã luận
garage	gara
to serve sake	rót rượu sake
leading part	vai chính
handy	tiện
wrist	cổ tay
restroom	nhà vệ sinh
procedure	thủ tục
to take (be in) charge of	phụ trách
taking an examination	dự thi
life span	tuổi thọ
inauguration	nhậm chức
repair	sửa
terminus	ga cuối
penmanship	chữ viết tay
cousin (female)	anh em họ (nữ)
national holiday	ngày lễ quốc gia
idiom	thành ngữ
at work	đang làm việc
an encounter	cuộc gặp
official tour	chuyến công tác
in and out	ra vào
predicate	vị ngữ
naivete	ngây thơ
in turn	lần lượt
elementary level	sơ cấp
first 10 days of the month	mười ngày đầu tháng
bookshop	hiệu sách
calligraphy	thư pháp
recording	ghi âm
assistant professor	phó giáo sư
victory or defeat	thắng thua
Japanese chess	cờ shogi
grade school student	học sinh tiểu học
decimal	số thập phân
piss	nước tiểu
alcove	hốc tường / tokonoma
digestion	tiêu hóa
disinfection	khử trùng
omission	bỏ sót
paper sliding door	cửa giấy trượt
buses	xe buýt
entraining	lên tàu
to fold (clothes)	gấp (quần áo)
humid	ẩm
evaporation	bay hơi
trees	cây cối
tableware	bát đĩa
lips	môi
mind and body	thân tâm
happening to know	tình cờ biết
to behave	cư xử
shinkansen	tàu shinkansen
inexcusable	không thể tha thứ
pitch dark	tối om
pitch black	đen sì
pure white	trắng tinh
to mimic	bắt chước
myth	thần thoại
thumb	ngón cái
wire	dây kim loại
index finger	ngón trỏ
pedestrian traffic	người đi bộ
humanities	nhân văn
vinegar	giấm
chart	biểu đồ
snow storm	bão tuyết
vertical	thẳng đứng
fisheries	ngư nghiệp
hydrogen	hydro
drop of water	giọt nước
flask	bình thí nghiệm
drunkard	người say
essays	tiểu luận
Japanese cedar	cây tuyết tùng Nhật
book)	sách
integer	số nguyên
adjustment	điều chỉnh
net (weight)	khối lượng tịnh
main gate	cổng chính
clean copy	bản sạch
lively	sôi nổi
to bear fruit	kết trái
saucy	láo
Christian Era	Công nguyên
pale	nhợt
to subside	lắng xuống
customs house	hải quan
to stack	chồng
equator	xích đạo
approaching	tiến gần
with trouble	vất vả
to predict	dự đoán
publicity	tuyên truyền
to fan	quạt
folding fan	quạt giấy
electric fan	quạt điện
cork	nút bần
envious	ghen tị
to envy	ghen tị
surface mail (ship)	thư đường biển
complete works	toàn tập
the whole body	toàn thân
wholly	hoàn toàn
meek	hiền lành
godown	kho hàng
fast-talking	nói nhanh
sumo wrestling	vật sumo
sandals	dép
funeral	đám tang
part of word written in kana	phần okurigana
farewell	từ biệt
postage	cước thư
fluctuation	biến động
odious	đáng ghét
shipbuilding	đóng tàu
measurement	đo lường
surveying	trắc địa
footprints	dấu chân
tabi	tất xỏ ngón
express	tốc hành
successively	lần lượt
loss and gain	lỗ lãi
drum	trống
to deny	phủ nhận
ellipse	elip
gymnastics	thể dục
counter-plan	biện pháp đối phó
lending	cho mượn
house for rent	nhà cho thuê
room to let	phòng cho thuê
leaving hospital	xuất viện
pronoun	đại từ
graduate school	cao học
carpenter	thợ mộc
main street	phố chính
waterfall	thác
derailment	trật bánh
singular (number)	số ít
fresh water	nước ngọt
coal pit	mỏ than
film)	phim
multi-unit apartments	chung cư
water outage	cắt nước
to warm up	làm ấm
underground water	nước ngầm
geological features	địa chất
bamboo	tre
to store	cất
steadily	vững vàng
changing clothes	thay đồ
second third of a month	thượng tuần giữa tháng
Middle Ages	Trung cổ
sterility	vô sinh
half-way	nửa chừng
middle-aged	trung niên
reconciliation	hòa giải
chum	bạn thân
siesta	ngủ trưa
to carve	chạm khắc
carving	chạm khắc
condiment	gia vị
eldest daughter	con gái cả
eldest son	con trai cả
oblong	chữ nhật
right angle	góc vuông
direct communication	liên lạc trực tiếp
direct current	dòng điện một chiều
currency	tiền tệ
commuting to work	đi làm
passbook	sổ tiết kiệm
interpretation	phiên dịch
popular use	dùng phổ biến
claw	móng vuốt
stopping (e.g. train)	dừng (tàu)
failure of electricity	mất điện
to shave	cạo
razor	dao cạo
established price	giá quy định
regular holiday	ngày nghỉ định kỳ
to shut up	im đi
nail	móng / đinh
develop	phát triển
biography	tiểu sử
contagion	lây nhiễm
farm	nông trại
rice planting	cấy lúa
light bulb	bóng đèn
lightpole	cột đèn
electro-magnetic wave	sóng điện từ
electric current	dòng điện
electric power	điện lực
nausea	buồn nôn
entry (on stage)	ra sân khấu
heart (of city)	trung tâm thành phố
Orient	phương Đông
theft	trộm cắp
teacup	tách trà
lighthouse	hải đăng
lamp oil	dầu đèn
being on duty	trực
division into equal parts	chia đều
unity	thống nhất
a scatter	rải rác
scratch	vết xước
to be(come) transparent	trở nên trong suốt
cleanness	sự sạch
to admire	ngưỡng mộ
pupil (of eye)	con ngươi
fairy tale	truyện cổ tích
route	tuyến
forte	sở trường
special sale	giảm giá đặc biệt
a soliloquy	độc thoại
roughness	sự thô
end (e.g. of street)	cuối (phố)
internist clinic	phòng khám nội
inner line	đường nội
Antarctic	Nam Cực
south and north	nam bắc
rainbow	cầu vồng
sunrise	bình minh
shadow	bóng
day trip	đi trong ngày
date and time	ngày giờ
sunny place	chỗ nắng
daily necessities	đồ dùng hàng ngày
entry to a company	vào công ty
to heat	đun nóng
brightness	độ sáng
agricultural produce	nông sản
agricultural chemicals	thuốc nông nghiệp
fragment	mảnh
haiku poetry	thơ haiku
look at	nhìn
sold-out	cháy hàng
proceeds	tiền thu
to creep	bò
scales	cân / vảy
to peel	bóc
white or grey hair	tóc bạc
to dilute	pha loãng
a pot	nồi
firing	nung / sa thải
conceptualization	khái niệm hóa
generation (e.g. power)	phát điện
seal (used for signature)	con dấu
radius	bán kính
peninsula	bán đảo
sarcasm	mỉa mai
to cover (with something)	che
beauty of figure or form	vẻ đẹp hình thể
elbow	khuỷu tay
writer	nhà văn
binding	đóng sách
bottled	đóng chai
disorderly	lộn xộn
man and wife	vợ chồng
to lay out	trải
spread	lan rộng
attached	gắn liền
to stroke	vuốt
radical (of a kanji character)	bộ thủ
balloon	bóng bay
cloth wrapper	khăn gói
adverb	trạng từ
plural	số nhiều
staggering	loạng choạng
storage room	buồng chứa
fraction (in math)	phân số
classification	phân loại
water fountain	đài phun nước
literary style	văn phong
context	ngữ cảnh
sailor	thủy thủ
hiragana	hiragana
weekday	ngày trong tuần
row of trees	hàng cây
closure	đóng cửa
separately	riêng
villa	biệt thự
katakana	katakana
one-way (trip)	một chiều
to knit	đan
editing	biên tập
web	mạng
hygiene	vệ sinh
to compensate for	bù
recruiting	tuyển dụng
to follow	theo
packing	đóng gói
bandage	băng
to crumble	vụn
to let go	buông
dialect	phương ngữ
equation	phương trình
to sew	may
telescope	kính thiên văn
to swell	sưng
prevention of crime	phòng chống tội phạm
North Pole	Bắc Cực
meadow	đồng cỏ
stock-farming	chăn nuôi
basin (e.g. between mountains)	lòng chảo
chafe	cọ xát
the number of flat things	số đồ dẹt
pillow	gối
youngest child	con út
hurrah	hoan hô
perfect score	điểm tuyệt đối
cape (on coast)	mũi đất
folk song	dân ca
infinite	vô hạn
neglecting to stay in contact	lâu không liên lạc
infinite number	vô số
plain	đồng bằng / giản dị
contradiction	mâu thuẫn
masterpiece	kiệt tác
noun	danh từ
superstition	mê tín
niece	cháu gái
tax exemption	miễn thuế
tiresome	mệt
knitting wool	len đan
wood	gỗ
table of contents	mục lục
sticky rice cake	bánh nếp
ENQ	ENQ
dialogue	đối thoại
at night	ban đêm
directing arrow	mũi tên chỉ
pharmacy	hiệu thuốc
ring finger	ngón áp út
medicine(s)	thuốc
blood transfusion	truyền máu
transport	vận chuyển
brave	dũng cảm
yes or no	có hay không
amusement park	công viên giải trí
mailing	gửi thư
setting sun	hoàng hôn
another place	nơi khác
infancy	thơ ấu
kindergarten	mẫu giáo
vessel	tàu / mạch máu
shop which handles Western-style apparel and accessories	cửa hàng đồ Tây
to dissolve (paint)	hòa tan
lava	dung nham
nutrient	dinh dưỡng
greed	tham
yukata	yukata
visit to Japan	thăm Nhật
hopeful	hy vọng
lost property	đồ thất lạc
to calm down	bình tĩnh lại
column of text (e.g. as in a newspaper)	cột chữ
backdoor	cửa sau
to abbreviate	viết tắt
to amass	tích lũy
a sigh	tiếng thở dài
caretaker	người trông coi
grain	hạt ngũ cốc
hostel	ký túc / nhà trọ
to cool off	nguội
consul	lãnh sự
reassuring	yên tâm
freezing	đóng băng
chain of islands	quần đảo
beloved	yêu quý
brick	gạch
melodious	du dương
candle	nến
the foot	chân
Japanese-English	Nhật–Anh
Japanese clothes	trang phục Nhật
while talking	khi đang nói
wooden bowl	bát gỗ
porcelain bowl	bát sứ
to rub	chà
pun	chơi chữ
sly	láu
kind of cookie	loại bánh quy
alkali	kiềm
aluminium	nhôm
hour	giờ
encore	bis / diễn lại
awfully	ghê gớm
interchange	giao lộ
intercom	đàm thoại nội bộ
egghead	mọt sách
inflation	lạm phát
air mail	thư hàng không
ray (fish)	cá đuối
elegant	thanh lịch
hey!	này!
coweringly	run rẩy
orientation	định hướng
an orange	quả cam
on-line	trực tuyến
attendant	nhân viên phục vụ
errand	việc vặt
policeman (friendly term)	cảnh sát (thân mật)
afternoon tea	trà chiều
nappy	tã
tour guide	hướng dẫn viên
guidebook	sách hướng dẫn
cocktail	cocktail
heartbroken	đau lòng
shrewd	láu lỉnh
category	thể loại
comeback	trở lại
cameraman	quay phim
feel	cảm thấy
garage (at house)	gara nhà
cheat	gian lận
catch	bắt
career	sự nghiệp
quiz	câu đố
club	câu lạc bộ
graph	đồ thị
crane	cần cẩu / chim sếu
losing weight	giảm cân
a commercial	quảng cáo
contest	cuộc thi
compass	la bàn
Mr or Mrs	ông hoặc bà
thank you	cảm ơn
Santa Claus	ông già Noel
septillion (American)	một triệu tỷ tỷ
dungarees	quần yếm
carefully	cẩn thận
jazz	nhạc jazz
jump	nhảy
jumbo	khổng lồ
genre	thể loại
rock-scissors-paper game	oẳn tù tì
show	buổi diễn
shock	sốc
studio	studio
strobe lamp	đèn nháy
decidedly	dứt khoát
soaked	ướt sũng
slacks	quần âu
in a row	thành hàng
sexual intercourse	quan hệ tình dục
good sense (for music  style  tact  etc.)	óc thẩm mỹ
solo	đơn ca
dozen	tá
typist	người đánh máy
timer	đồng hồ bấm giờ
timing	thời điểm
RBI	điểm đập bóng
tile	gạch men
down	xuống
to have two of something	có hai cái
implying (negatively) that something is full of  e.g. mistakes	ám chỉ đầy (lỗi)
dump	bãi rác / đổ
teamwork	làm việc nhóm
chime	chuông
spoil	làm hỏng / chiều
a channel	kênh
at a glance	thoáng nhìn
tissue paper	khăn giấy
dessert	tráng miệng
design	thiết kế
demonstration	biểu tình / trình diễn
telex	điện tín
one way or another	bằng cách này hay cách khác
it seems like	hình như
dry cleaning	giặt khô
drive in	drive-in
trouble (sometimes used as a verb)	rắc rối
transistor	transistor
drill	khoan / luyện
night game	trận đêm
napkin	khăn ăn
things like	những thứ như
something or other	cái gì đó
nuance	sắc thái
screwdriver	tua vít
pajamas	đồ ngủ
pachinko (Japanese pinball)	pachinko
badge	huy hiệu
patrol car	xe tuần tra
hangar	nhà chứa máy bay
bursting	nổ tung
virus	vi-rút
drenched	ướt đẫm
at the bottom	ở đáy
hint	gợi ý
boots	ủng
boom	bùng nổ
ferry	phà
buzzer	chuông bấm
swing	đu / đánh đu
front	phía trước
lavish	xa hoa
fawn	hươu con / nịnh
best-seller	sách bán chạy
boycott	tẩy chay
hose	vòi / ống
pause	tạm dừng
hall	hội trường
feel relieved	nhẹ nhõm
volt	vôn
pump	bơm
mark	dấu / điểm
mass communication	truyền thông đại chúng
massage	massage
misprint	lỗi in
Mrs	bà
maker	nhà sản xuất
melody	giai điệu
motel	nhà nghỉ
to beat	đánh bại
to accomplish	hoàn thành
rice	gạo
label	nhãn
race	cuộc đua / chủng tộc
lady	quý cô
lever	cần gạt
romantic	lãng mạn
watt	oát
suborder	bộ phụ
auspicious	cát tường
civility	lễ độ
likes and dislikes	thích và ghét
evil	ác
aggravation	làm trầm trọng
rascal	đồ khốn
unlucky day	ngày xấu
reed	sậy
addressed to	gửi tới
to address	xưng hô / gửi
tawdry	loè loẹt
assassination	ám sát
mental arithmetic	tính nhẩm
as usual	như thường lệ
dark	tối
by	bởi / bên
depending on	tùy
reliance	sự dựa vào
commit	cam kết
dissent	bất đồng
the opposite sex	giới tính kia
a change	sự thay đổi
switching over to	chuyển sang
migration	di cư
emigrant	người di cư
outfit	trang phục
clothing	quần áo
historic ruins (remains  relics)	di tích
outside the area	ngoài khu vực
as a rule	theo lệ
drink!(said repeatedly as a party cheer)	uống đi!
at a stroke	một lúc
a line	một dòng
unfamiliar	lạ
earnestly	tha thiết
a while	một lúc
puffy	phồng
a zone	một khu
one defeat	một trận thua
a part	một phần
a look	một cái nhìn
a chain	một chuỗi
rain gear	đồ mưa
rainy weather	thời tiết mưa
fourth sign of Chinese zodiac (The Hare  5am-7am  east  February)	mão (địa chi)
swirl	xoáy
fibber	người nói dối
shipping	vận chuyển
fare	tiền vé
carriage	toa xe
transportation	giao thông vận tải
projection	chiếu / hình chiếu
image	hình ảnh
English letter (character)	chữ cái tiếng Anh
hero	anh hùng
grudgingly	miễn cưỡng
detestable	đáng ghét
garden (esp. man-made)	vườn
along	dọc theo
along railway line	dọc tuyến đường sắt
cigarettes	thuốc lá
charming	duyên dáng
lead (the metal)	chì
to disgrace	làm nhục
filthy	bẩn thỉu
impurity	tạp chất
nephew	cháu trai
sumo grand champion	yokozuna
gold	vàng
timidity	nhút nhát
I (ego) (boastful first-person pronoun)	tôi (kiêu)
timbre	âm sắc
waning	khuyết / suy
trade in	đổi cũ lấy mới
going off duty	tan ca
inferior article	hàng kém
lower official	quan nhỏ
diarrhoea	tiêu chảy
chemical combination	hợp chất
fossil	hóa thạch
synthetic fibres	sợi tổng hợp
tentative	tạm thời
which (emphatic)	cái nào (nhấn mạnh)
beautiful passage of literature	đoạn văn hay
seasoning	gia vị
leaving home	rời nhà
cattle	gia súc
retinue	đoàn tùy tùng
fleeting	thoáng qua
rivers	sông ngòi
spark	tia lửa
Mars (planet)	sao Hỏa
table with heater	bàn kotatsu
itemization	liệt kê
pollen	phấn hoa
load	tải
baling	đóng kiện
brilliant	rực rỡ
extracurricular	ngoại khóa
depopulation	giảm dân số
crowded	đông đúc
strain	căng / chủng
stroke	nét / đột quỵ
epoch-making	gây kỷ nguyên
intervention	can thiệp
autopsy	khám nghiệm tử thi
forwarding	chuyển tiếp
circulation	lưu thông
circuit (electric)	mạch điện
monster	quái vật
deterioration	suy thoái
maritime	hàng hải
channel	kênh
height above sea level	độ cao so với mực nước biển
ocean current	dòng hải lưu
sea route	đường biển
puckery juice	nước chát
holding a meeting	tổ chức họp
pioneer	người tiên phong
stories	tầng / chuyện
Foreign Minister	bộ trưởng ngoại giao
look (or turn) the other way	nhìn chỗ khác
cliff	vách đá
notion	khái niệm
in the street	trên phố
highway	cao tốc
answering to	đáp ứng
diffusion	khuếch tán
disparity	chênh lệch
kernel	nhân
possession	sở hữu
ensure	đảm bảo
every other week	cách tuần
liberal arts	khoa học xã hội nhân văn
university graduate	cử nhân
academic background	học vấn
optimism	lạc quan
score (music)	nhạc phổ
credit	tín dụng
quota	hạn ngạch
smoothness	sự mượt
funny	buồn cười
to grant (request  wish)	ban (ước nguyện)
stock (company)	cổ phiếu
pardon	tha
flawless	không tì vết
bureaucrat	quan chức
tolerance	khoan dung
dried washing (clothes)	quần áo phơi khô
interference	can thiệp
main line	tuyến chính
infection	nhiễm trùng
sensitivity	độ nhạy
to accustom	làm quen
usual (historical) custom	tục lệ
cheer	cổ vũ
Chinese word	từ Hán
to fawn on	nịnh
guarding	canh gác
to loosen	nới lỏng
lenient	khoan dung
vital	then chốt
onlookers	người xem
viewing	xem
relation(ship)	quan hệ
cancer	ung thư
ophthalmology	nhãn khoa
eyeball	nhãn cầu
sham	giả
obstinacy	cứng đầu
written application or petition	đơn xin
comedy	hài kịch
odd number	số lẻ
to lean on	dựa vào
donation	quyên góp
end of term	cuối kỳ
abstain from voting	bỏ phiếu trắng
loom	khung cửi
returning to Tokyo	về Tokyo
whim	ý chợt
at ease	thoải mái
buoyant	nổi / phấn chấn
hesitance	do dự
atmospheric current	dòng khí
steamship	tàu hơi nước
prayer	lời cầu nguyện
quarterly (e.g. magazine)	tạp chí quý
describing	mô tả
undulation	sóng gợn
orbit	quỹ đạo
forgery	làm giả
legislative bill	dự luật
Diet building	tòa quốc hội
to scoop	múc
tea house	quán trà
objective	mục tiêu / khách quan
dramatization (e.g. film)	chuyển thể
reversal	đảo ngược
handstand	chống đầu
hill	đồi
suspension	treo / đình chỉ
truce	đình chiến
palace	cung điện
bow (and arrow)	cung (tên)
to rot	thối
poverty	nghèo đói
school lunch	cơm trưa trường
bygones	chuyện cũ
residence	nơi ở
veto	phủ quyết
fishing boat	thuyền đánh cá
fishing village	làng chài
working together	cùng làm
coeducation	học chung nam nữ
communism	chủ nghĩa cộng sản
dual income	hai nguồn thu
poor crop	mất mùa
shout	la
by force	bằng vũ lực
to get strong	mạnh lên
to emphasize	nhấn mạnh
forcing	ép buộc
teaching materials	tài liệu giảng dạy
teaching certificate	chứng chỉ giảng dạy
threat	mối đe dọa
industrial enterprise	doanh nghiệp công nghiệp
arousal	khơi dậy
nostalgia	hoài niệm
home town	quê nhà
wonder	kỳ diệu
Buddhist karma	nghiệp
paradise	thiên đường
king (shogi)	tướng (shogi)
paulownia tree	cây paulownia
place of work	nơi làm việc
labor	lao động
to prohibit	cấm
taboo	kiêng kỵ
myopia	cận thị
shortsightedness	cận thị
testing	kiểm tra
section (of track  etc)	đoạn (đường)
an end	một kết thúc
grumble	càu nhàu
blank	trống
vacancy	chỗ trống
hunger	đói
bending	uốn
group (math)	nhóm (toán)
mob	đám đông
warship	tàu chiến
military affairs	quân sự
armaments	vũ khí
military or naval uniform	quân phục
lean	gầy / nghiêng
blessing	phúc lành
appearance (e.g. article in paper)	bài đăng
carrying something	mang theo
Sincerely yours	trân trọng
cost	chi phí
a joint	khớp
stalk	cuống
meter	mét / đồng hồ đo
warning	cảnh báo
police inspector	thanh tra cảnh sát
abatement	giảm
scorn	khinh
rash	phát ban / hấp tấp
troupe	gánh hát
encouragement	động viên
being ashamed	xấu hổ
doing (with resolve)	làm (quyết tâm)
balance sheet	bảng cân đối
finals (in sports)	chung kết
tubercule	củ lao
crystal	pha lê
blood vessel	mạch máu
monthly tuition fee	học phí tháng
monthly installment	trả góp tháng
simultaneously	đồng thời
reward	phần thưởng
verb suffix to indicate reckless abandon to the activity	hậu tố động từ chỉ buông thả
seedy	tồi tàn
quotation	trích dẫn
viewpoint	quan điểm
primarily	chủ yếu
austere	khắc khổ
subtract	trừ
hearsay	nghe nói
antiquity	cổ đại
fixation	cố định
orphan	trẻ mồ côi
solitude	cô độc
groin	háng
exaggeration	phóng đại
hire	thuê
postponing	hoãn
retreat	rút
go-	đi
words	từ ngữ
glossary	bảng chú giải
connection	kết nối
delivering	giao
polish	đánh bóng
licence	giấy phép
oral	miệng / miệng
dirt	bụi bẩn
engineering	kỹ thuật
protest	phản đối
subsidy	trợ cấp
attack	tấn công
pose	tư thế
archaeology	khảo cổ
sail	cánh buồm
estrangement	xa cách
act	hành động
march	diễu hành
rainfall	lượng mưa
spices	gia vị
plateau	cao nguyên
interval	khoảng
conference	hội nghị
realm	cõi
curio	đồ cổ
trifle	chuyện nhỏ
left-hander	người thuận tay trái
gravel	sỏi
fraud	gian lận
symposium	hội thảo
coordinate(s)	tọa độ
rebuilding	xây lại
playback	phát lại
mining	khai thác mỏ
gathering	tụ họp
cultivation	canh tác
friendly	thân thiện
germ	vi trùng
riches	của cải
finances	tài chính
make-up	trang điểm
fence	hàng rào
hallucination	ảo giác
murder	án mạng
sundries	đồ linh tinh
chatting	tán gẫu
shamisen	đàn shamisen
visiting	thăm
mountains	núi non
hillside	sườn đồi
miserable	khốn khổ
postpartum	sau sinh
yield	năng suất / nhường
acid	axit
oxidation	oxy hóa
trick	mánh
thorn	gai
embroidery	thêu
thought	suy nghĩ
indication	dấu hiệu
mandate	ủy nhiệm
orders	mệnh lệnh
enforcing	thi hành
vision	tầm nhìn
requirements	yêu cầu
raising	nuôi / nâng
dentistry	nha khoa
prior	trước
Samurai	samurai
magnetism	từ tính
otolaryngology	tai mũi họng
self	bản thân
self-conscious	tự ý thức
hubris	kiêu ngạo
freely	tự do
self-confidence	tự tin
spin	xoay
independence	độc lập
resignation	từ chức
axis	trục
adhesion	dính
elimination	loại bỏ
jealousy	ghen
businessman	doanh nhân
essence	bản chất
sod	cỏ
weakness	điểm yếu
starring	đóng chính
protagonist	nhân vật chính
swap	đổi
doorkeeper	người gác cửa
preparations	chuẩn bị
handicrafts	thủ công
manacles	còng
trouble	rắc rối
technique	kỹ thuật
choker	vòng cổ sát
arbour	chòi
create	tạo
returns	lợi nhuận / trả lại
seating	chỗ ngồi
adornment	trang sức
aggregate	tổng hợp
fullness	sự đầy
lithe	dẻo
cool	mát / ngầu
beast	thú
repetition	lặp lại
usefulness	sự hữu ích
lessons	bài học
bleeding	chảy máu
random	ngẫu nhiên
sailing	chèo thuyền
wink	nháy mắt
shield	khiên
whereabouts	chỗ ở
owning	sở hữu
fixed	cố định
Ladies!	quý bà!
Gentlemen!	quý ông!
particle	tiểu từ / hạt
Ms	cô
quotient	thương số
pediatrics	nhi khoa
retail	bán lẻ
treetop	ngọn cây
erasing	xóa
collation	đối chiếu
illumination	chiếu sáng
phenomenon	hiện tượng
symbol	ký hiệu
boss	sếp
compassionate	trắc ẩn
pact	hiệp ước
cane	gậy
distillation	chưng cất
concession	nhượng bộ
colony	thuộc địa
weave	dệt
fabric	vải
devotee	tín đồ
deliberation	thảo luận
heartening	phấn chấn
forlorn	cô đơn
outset	khởi đầu
vibration	rung
newly-wed	mới cưới
freshman	tân sinh viên
pearl	ngọc trai
devotion	tận tụy
mystery	bí ẩn
gentleman	quý ông
gesture	cử chỉ
presentation	trình bày
hostage	con tin
glimpse	liếc thấy
dustpan	đồ hốt rác
propulsion	đẩy
guess	đoán
reasoning	suy luận
vapor	hơi
fountainhead	nguồn
flushing	xả
cult	giáo phái
numeral	số từ
fruits	hoa quả
maturity	sự trưởng thành
constellation	chòm sao
pure	tinh khiết
purity	sự trong sạch
native	bản địa
lukewarm	âm ấm
menses	kinh nguyệt
delicate	tinh tế
Bible	Kinh Thánh
recipe	công thức
honest	thành thật
youth	tuổi trẻ
repose	nghỉ ngơi
static	tĩnh
brittle	giòn
deficit	thâm hụt
heir	người thừa kế
conjunction	liên từ
persuasion	thuyết phục
avalanche	tuyết lở
despair	tuyệt vọng
hermit	ẩn sĩ
preceding	đi trước
inborn	bẩm sinh
tactics	chiến thuật
mean	tầm thường / độc ác
diving	lặn
fibre	sợi
selection	lựa chọn
booking	đặt chỗ
precedent	tiền lệ
virtue	đức hạnh
annihilation	tiêu diệt
step	bước
creation	sáng tạo
appropriate	thích hợp
ornament	đồ trang trí
traveling	du hành
remittance	chuyển tiền
hatred	hận thù
duration	thời lượng
saliva	nước bọt
physique	thể hình
interaction	tương tác
cope	đối phó
equivalent	tương đương
appointment	cuộc hẹn
dull	đần / mờ
expressly	cố ý
default	mặc định / vỡ nợ
thigh	đùi
degeneration	thoái hóa
extermination	tiêu diệt
alternately	luân phiên
substitution	thay thế
libretto	lời opera
mess	mớ lộn xộn
grandiose	hùng vĩ
bold	táo bạo
fairly	khá
shit	đồ chết tiệt
ordinal	số thứ tự
secession	ly khai
monotony	đơn điệu
litter	rác
expedition	cuộc thám hiểm
sigh	thở dài
tanka	thơ tanka
protein	protein
podium	bục
elasticity	đàn hồi
declaration	tuyên bố
discount	giảm giá
intellectual	trí thức
terrain	địa hình
hell	địa ngục
slack	chùng
lag	trễ
damn	chết tiệt
store	cửa hàng
suffocation	ngạt
launch	phóng
coloring	tô màu
relay	tiếp sức
libel	bôi nhọ
pivot	trục
break	nghỉ / phá
poisoning	ngộ độc
offended	bực
neutrality	trung lập
neutralize	trung hòa
go-between	người môi giới
somersault	lộn nhào
fidelity	chung thủy
raffle	xổ số
remarkable	đáng chú ý
noted	nổi tiếng
savings	tiết kiệm
tide	thủy triều
auditing	kiểm toán
stethoscope	ống nghe
guts	can đảm / ruột
butterfly	bướm
mediation	hòa giải
super-	siêu
chief	thủ lĩnh
spire	tháp nhọn
sinking	chìm
wages	tiền công
tsunami	sóng thần
falling	rơi
pursuit	truy đuổi
exile	lưu đày
keen	sắc sảo
connoisseur	người sành
coherence	mạch lạc
strap	dây đeo
fishing	câu cá
offer	đề nghị
acceptance	chấp nhận
adaptation	thích nghi
aptitude	năng khiếu
crowbar	xà beng
heavenly	thiên đường
ceiling	trần nhà
divert	chuyển hướng
transfer	chuyển
ignition	đánh lửa
rear	phía sau
betting	cá cược
arena	đấu trường
insolvency	vỡ nợ
hibernation	ngủ đông
stealing	trộm
lead	dẫn / chì
flight	chuyến bay
pottery	đồ gốm
mobilization	huy động
motive	động cơ
dynamic	năng động
unrest	bất ổn
power	quyền lực / điện
tuning	lên dây
longing	khao khát
dojo	võ đường
copper	đồng
monopoly	độc quyền
originality	tính độc đáo
reader	độc giả
penetration	xâm nhập
stolidity	đờ đẫn
cabinet	nội các / tủ
viscera	nội tạng
inland	nội địa
over-familiar	quá suồng sã
defect	khuyết tật
sunburn	cháy nắng
obtaining	thu được
bathe	tắm
urine	nước tiểu
nomination	đề cử
pregnancy	mang thai
cognizance	nhận thức
yearbook	niên giám
seniority	thâm niên
screw	ốc vít
burning	cháy
fuel	nhiên liệu
viscosity	độ nhớt
languid	uể oải
worry	lo lắng
grasp	nắm
send	gửi
destruction	phá hủy
annulment	hủy bỏ
rupture	vỡ
scrap	phế liệu
repeal	bãi bỏ
borrowing	vay mượn
drainage	thoát nước
defeat	thất bại
disposition	tính khí
allotment	phân bổ
indemnity	bồi thường
persecution	bức hại
bomb	bom
blast	nổ
burgeoning	nảy nở
excavation	khai quật
fit	vừa / cơn
outbreak	bùng phát
starting	bắt đầu
curse	lời nguyền
warp	cong vênh
revolt	nổi dậy
echo	tiếng vang
counterblow	đòn đáp trả
oppose	phản đối
mutiny	binh biến
spots	đốm
edition	ấn bản
annoying	khó chịu
negation	phủ định
misery	khốn cùng
shriek	tiếng thét
door	cửa
proportion	tỷ lệ
manure	phân bón
non-	phi
misconduct	sai trái
tail	đuôi
smile	nụ cười
eyebrow	lông mày
beauty	vẻ đẹp
motto	khẩu hiệu
depiction	miêu tả
sensibility	cảm xúc
essential	thiết yếu
irregularity	bất thường
disgrace	nhục nhã
annexed	sáp nhập
appendix	phụ lục
millionaire	triệu phú
tea-towel	khăn lau chén
edict	sắc lệnh
ubiquity	sự có mặt khắp nơi
fickle	thất thường
buoyancy	sức nổi
decay	suy tàn
wound	vết thương
force	lực
feudalistic	phong kiến
blockade	phong tỏa
revival	hồi sinh
boiling	sôi
French	tiếng Pháp / Pháp
unsatisfied	không thỏa mãn
storeroom	buồng chứa
minute	phút / chi tiết
dispersion	phân tán
molecule	phân tử
denominator	mẫu số
split	tách
spewing	phun
confusing	gây rối
soldier	binh sĩ
closing	đóng
finishing	kết thúc
repayment	trả nợ
insurance	bảo hiểm
maintaining	duy trì
pavement	vỉa hè
whaling	săn cá voi
constable	cảnh sát
compensation	bồi thường
reparation	bồi thường chiến tranh
fund-raising	gây quỹ
cemetery	nghĩa trang
follow	theo
dumbfounded	sững sờ
service	dịch vụ
peak	đỉnh
collapse	sụp đổ
abandonment	bỏ rơi
emission	phát thải
radioactivity	phóng xạ
emit	phát ra
courtroom	phòng xử
saturation	bão hòa
meagre	ít ỏi
gale	gió mạnh
violence	bạo lực
exposure	phơi bày
desirable	đáng mong muốn
spinning	kéo sợi
cheek	má
manservant	người hầu nam
pastor	mục sư
forfeited	bị mất
propriety	lễ nghi
substance	chất
instinct	bản năng
flax	gai dầu
anaesthesia	gây mê
palsy	liệt
almighty	toàn năng
unanimous	đồng thuận
unmarried	chưa kết hôn
pending	đang chờ
regret(s)	hối tiếc
crowd	đám đông
close	gần / đóng
density	mật độ
pulse	mạch
democratic	dân chủ
absurdly	vô lý
reticence	ít nói
innocence	ngây thơ
ignorance	ngu dốt
jumbled	lộn xộn
inefficiency	kém hiệu quả
useless	vô dụng
son-in-law	con rể
honor	danh dự
clarity	sự rõ ràng
exemption	miễn
acne	mụn
rage	cơn giận
eyelid	mí mắt
look	cái nhìn
bedding	chăn gối
nighthawk	chim đêm
designs	họa tiết
wild	hoang dã
arrow	mũi tên
gentle	hiền
ascendancy	ưu thế
supremacy	thống trị
superiority	ưu việt
bravery	dũng cảm
beneficial	có lợi
organic	hữu cơ
prominence	nổi bật
lure	mồi nhử
nomadism	du mục
versatility	đa năng
premonition	điềm báo
directions	hướng
suppression	đàn áp
desire	khao khát
barefoot	chân trần
attendance	tham dự
lawmaking	làm luật
acronym	từ viết tắt
pillage	cướp phá
styleof	phong cách
sink	chìm / bồn
arrears	nợ đọng
finish	kết thúc
acknowledgement	thừa nhận
favorable	thuận lợi
conscience	lương tâm
forestry	lâm nghiệp
analogous	tương tự
analogy	so sánh tương tự
lotus	sen
solidarity	đoàn kết
commonwealth	khối thịnh vượng
dew	sương
blunt	cùn / thẳng
recitation	đọc thuộc
senility	lão suy
logic	logic
planet	hành tinh
frame	khung
apology	lời xin lỗi
steady	vững
Alas!	than ôi!
beak	mỏ
abundantly	dồi dào
indirect	gián tiếp
supple	dẻo
excreta	phân
ticklish	thứ ngứa
frank	thẳng thắn
brightly	sáng sủa
creases	nếp nhăn
decent	tử tế
lottery	xổ số
bud	nụ
wince	nhăn mặt
germ(s)	vi trùng
snoring	ngáy
inside out	lộn trái
solid body	khối đặc
dancing (geisha)	múa (geisha)
passenger (transport)	hành khách
both extremities	hai cực
good sense	óc thẩm mỹ
territorial waters	lãnh hải
counter for wheels and flowers	loại từ đếm bánh xe / hoa
cold storage	kho lạnh
consecutive holidays	ngày nghỉ liền
to pity	thương
to soften	làm mềm
Japanese style	kiểu Nhật
Japanese text	văn bản tiếng Nhật
to mutter	lẩm bẩm
to pinch	véo
to pick	hái / chọn
to stir-fry	xào
to take	lấy
to jar	va / lọ
xung quanh	xung quanh
gam	gam
tem	tem
stand	đứng
get	lấy
plus	cộng
ply	lớp
we	chúng tôi
ex-	cũ
un	không
at	ở
by	bởi
go-	đi
non-	không
super-	siêu
over-	quá
leaf)	lá
true)	thật
book)	sách
film)	phim
tense)	thì
valence)	hóa trị
grating)	rá
etc.)	v.v.
medicine(s)	thuốc
coordinate(s)	tọa độ
germ(s)	vi trùng
regret(s)	hối tiếc
relation(ship)	quan hệ
fast asleep	ngủ say
jet aeroplane	máy bay phản lực
a lot	rất nhiều
a center	trung tâm
classic(s)	kinh điển
gland	tuyến
roughly	xấp xỉ
neat	gọn
jeans	quần jean
juice	nước ép
switch	công tắc
skiing	trượt tuyết
skating	trượt băng
style	phong cách
simile	so sánh
dance	nhảy múa
cheese	phô mai
outflow	dòng chảy ra
tent	lều
copper coin	đồng xu
drive	lái
drama	kịch
dress	váy đầm
tunnel	hầm
grin	cười toe
carefree	vô tư
violin	vĩ cầm
hiking	đi bộ đường dài
pilot	phi công
path	đường
flop	flop
bun	bánh mì
handsome	đẹp trai
beer	bia
picnic	dã ngoại
video	video
pin	ghim
bench	ghế dài
dim	mờ
mike	micro
Mama	mẹ
Miss	cô
memorandum	ghi nhớ
humor	hài hước
Europe	châu Âu
yacht	du thuyền
rider	người cưỡi
paddle	mái chèo
locket	mề đay
wine	rượu vang
greeting	lời chào
devil	quỷ
handshake	bắt tay
memorization	ghi nhớ
greatness	vĩ đại
unexpected	bất ngờ
disorder	rối loạn
maintenance	bảo trì
breach	vi phạm
general	chung
retire	nghỉ hưu
citation	trích dẫn
motion	chuyển động
feed	cho ăn
satellite	vệ tinh
sharp	sắc
adjournment	hoãn họp
acting	diễn xuất
flame	lửa
smoke	khói
monkey	khỉ
reserve	dự trữ
interior	bên trong
crossing	băng qua
prince	hoàng tử
roof	mái
warmth	sự ấm áp
chemistry	hóa học
something	cái gì đó
everything	mọi thứ
passable	tạm được
furniture	đồ đạc
housework	việc nhà
rent	tiền thuê nhà
singer	ca sĩ
pastry	bánh ngọt
artist	nghệ sĩ
sprout	mầm
hurt	tổn thương
diplomacy	ngoại giao
outing	chuyến chơi
cough	ho
certainty	chắc chắn
affirmation	khẳng định
horn	sừng
leather	da
scholar	học giả
ease	dễ
brow	trán
counting	đếm
perfection	hoàn hảo
sense	giác quan
sweat	mồ hôi
audience	khán giả
flag	lá cờ
reporter	phóng viên
ogre	quỷ
Diet	quốc hội
chairman	chủ tịch
suction	hút
cow	bò cái
dozing	ngủ gật
robbery	cướp bóc
terrible	kinh khủng
dread	kinh sợ
chest	ngực
sinew	gân
tension	căng thẳng
casually	tùy tiện
reckoning	tính sổ
theatre	nhà hát
violent	dữ dội
faults	lỗi
hole	lỗ hổng
construction	công trình
prefecture	tỉnh
shoulder	vai
escort	hộ tống
wise	khôn
eaves	mái hiên
nowadays	hiện nay
maxim	châm ngôn
breath	hơi thở
tiger	hổ
honourable	đáng kính
misunderstanding	hiểu nhầm
exchange	trao đổi
candidacy	ứng cử
advertisement	quảng cáo
solid	vững chắc
coin	đồng tiền
consideration	cân nhắc
flying	bay
going	đang đi
congress	quốc hội
corn	ngô
blackboard	bảng đen
hip	hông
bone	xương
hereafter	sau này
distress	đau khổ
betrothal	đính hôn
root	gốc rễ
confusion	lúng túng
chaos	hỗn mang
desert	sa mạc
chain	dây xích
highest	cao nhất
crops	nông sản
walk	đi bộ
oxygen	ôxy
remnant	tàn dư
impetus	xung lực
memories	kỷ niệm
spontaneous	tự nhiên
guidance	hướng dẫn
suicide	tự tử
realization	thực hiện
enact	ban hành
lawn	bãi cỏ
main	chính
magic	phép thuật
crop	mùa màng
environs	vùng quanh
sandbank	cồn cát
mending	vá víu
week	tuần lễ
concentration	tập trung
housing	nhà ở
delay	trì hoãn
presence	hiện diện
departure	khởi hành
publication	ấn phẩm
documents	giấy tờ
tutor	gia sư
queen	nữ hoàng
actress	nữ diễn viên
win	thắng lợi
scholarship	học bổng
wheat	lúa mì
parcel	gói hàng
boys	các cậu bé
floor	sàn nhà
consumption	tiêu dùng
laugh	tiếng cười
elephant	con voi
jest	lời đùa
castle	thành
plant	thực vật
commodity	hàng hóa
rations	phần ăn
bottom	đáy
signal	tín hiệu
heart	tim
prudence	thận trọng
fresh	tươi mới
direct	trực tiếp
seriousness	sự nghiêm túc
nerve	dây thần kinh
intimate	thân thiết
buddy	bạn thân
needle	cây kim
mankind	loài người
recommendation	khuyến nghị
sleep	giấc ngủ
clean	sạch sẽ
birthplace	nơi sinh
helping	sự giúp
coal	than đá
saving	tiết kiệm
extinction	tuyệt chủng
tongue	cái lưỡi
prime	hàng đầu
twins	cặp sinh đôi
nest	tổ chim
succession	kế vị
frost	sương giá
uproar	ồn ào
noise	tiếng ồn
bundle	bó
sequel	phần tiếp theo
sleeve	ống tay
grandchild	cháu
sun	mặt trời
stay	lưu lại
tedium	chán ngắt
arrest	bắt giữ
rally	cuộc mít tinh
atmosphere	không khí
ambassador	đại sứ
continent	lục địa
valley	thung lũng
someone	ai đó
shot	phát bắn
earth	trái đất
basement	hầm
lateness	sự chậm
tea	trà
stoppage	ngừng trệ
annotation	chú thích
cavity	hốc
filing	lưu trữ hồ sơ
mud	bùn
adequate	đầy đủ
moderate	vừa phải
applying	nộp / bôi
thoroughness	sự kỹ lưỡng
railroad	đường sắt
electron	electron
hare	thỏ
mountain-climbing	leo núi
soil	đất trồng
poll	cuộc thăm dò
peas	đậu Hà Lan
headache	cơn đau đầu
verb	động từ
like	giống / thích
coworker	đồng nghiệp
morals	đạo đức
road	con đường
poison	chất độc
alone	một mình
self-support	tự lực
Japan	Nhật Bản
hospitalization	nhập viện
matriculation	nhập học
tropics	nhiệt đới
nicely	khéo léo
farmer	nông dân
farmers	nông dân
wave	làn sóng
plum	mận
PhD	tiến sĩ
museum	bảo tàng
applause	tràng vỗ tay
vast	rộng lớn
board	tấm ván
offender	người phạm tội
denial	sự phủ nhận
tragedy	bi kịch
comparison	sự so sánh
aviation	hàng không
subtle	tinh vi
frantic	cuống quýt
cord	sợi dây
ice	nước đá
bottle	chai lọ
complaint	lời phàn nàn
discontent	bất mãn
fellowship	tình bằng hữu
cloth	tấm vải
width	bề rộng
garments	y phục
Buddha	Phật
sounds	âm thanh
tale	câu chuyện
things	sự vật
physics	vật lý
phrase	cụm từ
peculiarity	nét riêng
way	con đường
walkway	lối đi bộ
tomb	ngôi mộ
bale	kiện hàng
treasure	kho báu
gem	viên ngọc
call	cú gọi
rich	giàu có
charm	bùa mê
daze	choáng váng
ignore	lờ đi
futility	vô ích
fog	sương mù
lamplight	ánh đèn
bother	sự phiền
permit	giấy phép
mug	ca
blanket	cái chăn
midnight	nửa đêm
export	xuất khẩu
championship	giải vô địch
validity	giá trị pháp lý
better	tốt hơn
mail	thư từ
prediction	lời dự đoán
gist	cốt lõi
wings	đôi cánh
nude	khỏa thân
storm	cơn bão
fee	lệ phí
ring	chiếc nhẫn
tear	giọt lệ
lover	người tình
serial	kỳ
cage	chuồng
luxury	xa hoa
accent	giọng
yawn	cái ngáp
antenna	ăng ten
carelessly	bất cẩn
loiteringly	lững thững
etiquette	nghi lễ
apron	cái tạp dề
orchestra	dàn nhạc giao hưởng
automation	tự động hóa
madam	bà
organ	cơ quan
worship	thờ cúng
maid	ô sin
calorie	calo
fully	hoàn toàn
cooler	máy làm mát
spigot	vòi nước
secretly	lén lút
concrete	bê tông
siren	còi báo động
quickly	mau chóng
sheet	tờ giấy
insistent	khăng khăng
journalist	nhà báo
shutter	cửa cuốn
start	khởi đầu
stewardess	tiếp viên
stockings	vớ
stop	điểm dừng
speaker	người nói
slide	phiếu chiếu
cement	xi măng
careless	cẩu thả
diagram	biểu đồ
diamond	kim cương
dial	mặt số
dumb	câm
chock	chêm
tempo	nhịp
throb	nhịp đập
nylon	ni lông
lucidly	minh bạch
pail	cái xô
underpants	quần lót
band	ban nhạc
handle	cán
glitter	ánh kim
pistol	súng lục
vitamin	vitamin
vinyl	vinyl
pink	màu hồng
zipper	khóa kéo
grumbling	lầm bầm
blouse	áo blouse
brush	chổi
plastic	nhựa
platform	sân ga
print	bản in
brooch	ghim cài
program	chương trình
veteran	cựu chiến binh
helicopter	máy bay trực thăng
minus	dấu trừ
confused	bối rối
eyelids	mí
marathon	chạy marathon
pitiful	thảm thương
remarkably	đáng kể
menu	thực đơn
motor	mô tơ
monorail	đường sắt một ray
lunch	bữa trưa
rhythm	nhịp
litre	lít
ribbon	ruy-băng
raincoat	áo mưa
lens	kính
locker	tủ
lobby	sảnh
easy-going	dễ tính
unexpectedly	bất ngờ
unkind	không tốt bụng
usual	thông thường
subtraction	phép trừ
shuttlecock	quả cầu
canal	con kênh
circumference	vòng quanh
gardening	làm vườn
extension	phần mở
chimney	ống khói
gloss	nước bóng
trip	chuyến đi
princess	công chúa
outdoors	ngoài trời
greenhouse	nhà kính
alighting	xuống
ditch	con mương
underline	gạch dưới
Shitamachi	Shitamachi
aerial	trên không
volcano	núi lửa
fireworks	pháo hoa
taxation	thuế khóa
cargo	hàng
mosquito	con muỗi
breakup	chia tay
lump	cục u
dubious	mơ hồ
vexing	bực mình
dear	thân yêu
ocean	đại dương
colors	màu
external	bên ngoài
hedge	bờ rào
exceptional	ngoại lệ
husk	vỏ
probability	xác suất
angle	góc độ
undergraduate	sinh viên
multiplication	phép nhân
brackets	dấu ngoặc
thoughts	ý nghĩ
ventilation	thông gió
canning	đóng hộp
observation	quan sát
appreciation	sự cảm kích
indirection	đường vòng
utensil	đồ dùng
gas	khí gas
famine	đói kém
reverse	đảo
inversion	đảo ngược
holiday	ngày nghỉ
grant	khoản trợ cấp
fisherman	ngư dân
boundary	ranh giới
pushy	hách
solidify	củng cố
curve	đường cong
goldfish	cá vàng
zone	vùng
fancy	ưa
comb	cái lược
form	hình dạng
rapture	ngây ngất
honorific	kính ngữ
longitude	kinh độ
steadfast	kiên định
modesty	khiêm tốn
humble	khiêm nhường
microscope	kính hiển vi
habitat	môi trường sống
origin	nguồn gốc
paste	kem dán
pepper	tiêu
pleasure	khoái cảm
bow	cúi đầu
try	cố
intercourse	giao thiệp
merit	công trạng
brazen	trơ tráo
lipstick	son
plaza	quảng trường
lecturer	giảng viên
mineral	khoáng
item	món
perfume	nước hoa
rational	hợp lý
nationality	quốc tịch
repeatedly	nhiều lần
marking	chấm điểm
calamity	tai ương
sewing	may
lumber	gỗ
manufacture	sản xuất
erasure	sự xóa
photographing	chụp hình
triangle	hình tam giác
arithmetic	số học
abacus	bàn tính
acidity	độ axit
chairmanship	chủ tọa
continuously	liên tục
posterity	hậu thế
assignment	bài tập
corpse	xác
wastepaper	giấy vụn
violet	màu tím
gear	bánh răng
children	trẻ con
taking	việc lấy
magnet	nam châm
self-defense	tự vệ
self-study	tự học
writing	viết lách
achievements	thành tựu
stripe	sọc
sketching	phác thảo
obliqueness	độ xéo
editorial	bài xã luận
garage	nhà xe
handy	tiện lợi
wrist	cổ tay
restroom	nhà vệ sinh
procedure	thủ tục
repairs	sửa chữa
inauguration	lễ nhậm chức
repair	sửa chữa
terminus	ga cuối
penmanship	chữ đẹp
idiom	thành ngữ
predicate	vị ngữ
naivete	ngây thơ
bookshop	hiệu sách
calligraphy	thư pháp
recording	bản ghi
decimal	thập phân
piss	nước tiểu
alcove	hốc
digestion	tiêu hóa
disinfection	sát trùng
omission	sự bỏ sót
buses	xe buýt
entraining	lên tàu
humid	ẩm ướt
evaporation	bốc hơi
trees	cây
tableware	bát đĩa
lips	đôi môi
shinkansen	shinkansen
inexcusable	không thể thứ
myth	huyền thoại
thumb	ngón tay cái
wire	sợi dây
humanities	nhân văn
vinegar	giấm
chart	biểu
vertical	dọc
fisheries	nghề cá
hydrogen	hiđrô
flask	bình
drunkard	người say rượu
essays	bài luận
integer	số nguyên
adjustment	điều chỉnh
lively	sống động
saucy	hỗn
pale	xanh xao
equator	xích đạo
approaching	đến gần
publicity	công khai
cork	nút chai
envious	ghen tị
wholly	toàn bộ
meek	hiền lành
godown	kho
fast-talking	nói liến thoắng
sandals	dép sandal
funeral	tang lễ
farewell	lời tạm biệt
postage	tem cước
fluctuation	dao động
odious	gớm
shipbuilding	đóng tàu
measurement	sự đo
surveying	đo đạc
footprints	dấu chân
tabi	tất tabi
express	tốc hành
successively	liên tiếp
drum	cái trống
ellipse	hình elip
gymnastics	thể dục dụng cụ
counter-plan	kế đối phó
lending	cho vay
pronoun	đại từ
carpenter	thợ mộc
waterfall	thác nước
derailment	trật ray
bamboo	tre trúc
steadily	đều đặn
sterility	vô sinh
half-way	nửa đường
middle-aged	trung niên
reconciliation	hòa giải
chum	bạn
siesta	giấc trưa
carving	chạm
condiment	gia vị
oblong	hình chữ nhật
currency	tiền tệ
passbook	sổ
interpretation	giải thích
claw	móng
razor	dao cạo râu
nail	móng tay
develop	phát triển
biography	tiểu sử
contagion	sự lây
farm	nông trại
lightpole	cột đèn
nausea	buồn nôn
Orient	Đông phương
theft	trộm
teacup	chén trà
lighthouse	hải đăng
unity	sự đoàn kết
scratch	vết xước
cleanness	sạch sẽ
route	tuyến đường
forte	thế mạnh
roughness	sần sùi
Antarctic	Nam Cực
rainbow	cầu vồng
sunrise	bình minh
shadow	bóng râm
brightness	độ sáng
fragment	mảnh vỡ
sold-out	bán hết
proceeds	số thu
scales	cái cân
firing	sa thải
conceptualization	khái niệm hóa
radius	bán kính
peninsula	bán đảo
sarcasm	châm biếm
elbow	khuỷu
writer	tác giả
binding	gáy sách
bottled	đóng chai
disorderly	hỗn loạn
spread	lan truyền
attached	đính kèm
balloon	bóng bay
adverb	trạng từ
plural	số nhiều
staggering	choáng váng
classification	phân loại
context	bối cảnh
sailor	thủy thủ
hiragana	hiragana
weekday	ngày thường
closure	đóng cửa
separately	riêng rẽ
villa	biệt thự
katakana	katakana
editing	biên tập
web	web
hygiene	vệ sinh
recruiting	tuyển
packing	đóng gói
bandage	băng vải
dialect	thổ ngữ
equation	phương trình
telescope	kính viễn vọng
meadow	đồng cỏ
stock-farming	chăn nuôi
chafe	cọ
pillow	cái gối
hurrah	hoan hô
infinite	vô tận
plain	đồng bằng
contradiction	mâu thuẫn
masterpiece	kiệt tác
noun	danh từ
superstition	mê tín dị đoan
niece	cháu gái
tiresome	mệt mỏi
wood	gỗ
ENQ	ENQ
dialogue	đối thoại
pharmacy	nhà thuốc
transport	vận tải
brave	can đảm
mailing	gửi bưu điện
infancy	thời thơ ấu
kindergarten	nhà trẻ
vessel	con tàu
lava	dung nham
nutrient	chất dinh dưỡng
greed	lòng tham
yukata	yukata
hopeful	đầy hy vọng
backdoor	cửa hậu
caretaker	người trông
grain	hạt
hostel	nhà trọ
consul	lãnh sự
reassuring	an tâm
freezing	đóng băng
beloved	yêu dấu
brick	viên gạch
melodious	du dương
candle	cây nến
Japanese-English	Nhật-Anh
pun	chơi chữ
sly	xảo quyệt
alkali	kiềm
aluminium	nhôm
hour	giờ đồng hồ
encore	bis
awfully	cực kỳ
interchange	nút giao
intercom	máy nội bộ
egghead	mọt sách
inflation	lạm phát
elegant	thanh nhã
orientation	định hướng
on-line	trực tuyến
attendant	người phục vụ
errand	việc chạy
nappy	tã lót
guidebook	cẩm nang
cocktail	cocktail
heartbroken	đau khổ
shrewd	tinh ranh
category	hạng mục
comeback	sự trở lại
cameraman	quay phim
feel	cảm giác
cheat	lừa
catch	cú bắt
career	nghề nghiệp
quiz	câu đố nhanh
club	câu lạc bộ
graph	biểu đồ
crane	cần cẩu
contest	cuộc thi
compass	la bàn
dungarees	quần yếm
carefully	cẩn thận
jazz	jazz
jump	cú nhảy
jumbo	khổng lồ
genre	thể loại
show	chương trình
shock	cú sốc
studio	xưởng
decidedly	dứt khoát
soaked	ướt
slacks	quần âu
solo	đơn ca
dozen	một tá
typist	thư ký đánh máy
timer	hẹn giờ
timing	thời điểm
RBI	RBI
tile	gạch lát
down	xuống
dump	bãi đổ
teamwork	tinh thần đồng đội
chime	tiếng chuông
spoil	hỏng
dessert	món tráng miệng
design	thiết kế
demonstration	cuộc biểu tình
telex	telex
transistor	transistor
drill	mũi khoan
napkin	khăn giấy ăn
nuance	sắc thái
screwdriver	tua vít
pajamas	đồ ngủ
badge	huy hiệu
hangar	nhà chứa máy bay
bursting	vỡ tung
virus	vi rút
drenched	ướt đẫm
hint	lời gợi ý
boots	đôi ủng
boom	sự bùng nổ
ferry	phà
buzzer	chuông
swing	xích đu
front	mặt trước
lavish	xa xỉ
fawn	hươu con
best-seller	best-seller
boycott	tẩy chay
hose	ống nước
pause	khoảng nghỉ
hall	sảnh lớn
volt	vôn
pump	máy bơm
mark	dấu hiệu
massage	xoa bóp
misprint	lỗi in ấn
Mrs	bà
maker	hãng
melody	giai điệu
motel	nhà nghỉ
rice	cơm / gạo
label	nhãn hiệu
race	cuộc đua
lady	quý bà
lever	cần
romantic	lãng mạn
watt	oát
suborder	phân bộ
auspicious	tốt lành
civility	lịch thiệp
evil	cái ác
aggravation	trầm trọng hóa
rascal	tên lưu manh
reed	cây sậy
tawdry	loè loẹt rẻ tiền
assassination	vụ ám sát
dark	tối tăm
reliance	sự tin cậy
commit	cam kết
dissent	bất đồng ý kiến
migration	cuộc di cư
emigrant	người di cư
outfit	bộ đồ
clothing	y phục
unfamiliar	xa lạ
earnestly	nghiêm túc
puffy	phồng lên
swirl	xoáy nước
fibber	kẻ nói dối
shipping	vận tải biển
fare	giá vé
carriage	toa
transportation	vận tải
projection	hình chiếu
image	hình
hero	anh hùng
grudgingly	miễn cưỡng
detestable	đáng ghét
along	dọc
cigarettes	điếu thuốc
charming	duyên
filthy	bẩn
impurity	tạp chất
nephew	cháu trai
gold	vàng
timidity	nhút nhát
timbre	âm sắc
waning	suy giảm
diarrhoea	tiêu chảy
fossil	hóa thạch
tentative	thăm dò
seasoning	gia vị
cattle	bò
retinue	tùy tùng
fleeting	chớp nhoáng
rivers	sông
spark	tia lửa
itemization	chi tiết hóa
pollen	phấn hoa
load	tải trọng
baling	đóng kiện
brilliant	rực rỡ
extracurricular	ngoại khóa
depopulation	giảm dân
crowded	chật
strain	căng thẳng
stroke	nét vẽ
epoch-making	mang tính thời đại
intervention	can thiệp
autopsy	mổ tử thi
forwarding	chuyển phát
circulation	lưu hành
monster	quái vật
deterioration	suy giảm
maritime	biển
channel	kênh truyền
pioneer	tiên phong
stories	câu chuyện
cliff	vách
notion	ý niệm
highway	xa lộ
diffusion	lan tỏa
disparity	chênh lệch
kernel	hạt nhân
possession	tài sản
ensure	bảo đảm
optimism	lạc quan
credit	tín dụng
quota	chỉ tiêu
smoothness	êm
funny	hài hước
pardon	tha thứ
flawless	hoàn hảo
bureaucrat	công chức
tolerance	sự khoan dung
interference	sự can thiệp
infection	sự nhiễm
sensitivity	độ nhạy cảm
cheer	tiếng cổ vũ
guarding	canh
lenient	khoan hồng
vital	sinh tử
onlookers	người đứng xem
viewing	việc xem
cancer	ung thư
ophthalmology	khoa mắt
eyeball	nhãn cầu
sham	đồ giả
obstinacy	bướng
comedy	hài
donation	khoản quyên góp
loom	khung cửi
whim	ý thích chợt
buoyant	nổi
hesitance	sự do dự
steamship	tàu hơi
prayer	lời cầu
describing	miêu tả
undulation	gợn sóng
orbit	quỹ đạo
forgery	đồ giả mạo
objective	mục tiêu
reversal	sự đảo
handstand	chống đẩy đầu
hill	quả đồi
suspension	sự đình chỉ
truce	đình chiến
palace	cung điện
poverty	nghèo
bygones	chuyện đã qua
residence	cư sở
veto	quyền phủ quyết
coeducation	giáo dục chung
communism	chủ nghĩa cộng sản
shout	tiếng hét
forcing	ép
threat	đe dọa
arousal	kích thích
nostalgia	nỗi nhớ nhà
wonder	kỳ quan
paradise	thiên đường
labor	lao động
taboo	điều cấm kỵ
myopia	cận thị
shortsightedness	gần
testing	thử nghiệm
grumble	lời càu nhàu
blank	ô trống
vacancy	vị trí trống
hunger	cơn đói
bending	uốn cong
mob	đám đông
warship	chiến hạm
armaments	vũ khí
lean	gầy
blessing	phúc
cost	giá thành
stalk	cọng
meter	mét
warning	lời cảnh báo
abatement	sự giảm
scorn	sự khinh
rash	ban
troupe	đoàn hát
encouragement	sự động viên
tubercule	củ
crystal	tinh thể
simultaneously	cùng lúc
reward	phần thưởng
seedy	tồi
quotation	câu trích
viewpoint	góc nhìn
primarily	trước hết
austere	khắc khổ
subtract	trừ đi
hearsay	tin đồn
antiquity	thời cổ
fixation	sự cố định
orphan	trẻ mồ côi
solitude	cô đơn
groin	háng
exaggeration	sự phóng đại
hire	thuê mướn
postponing	hoãn lại
retreat	rút lui
words	lời
glossary	từ vựng chú giải
connection	mối liên hệ
delivering	giao hàng
polish	đánh bóng
licence	giấy phép
oral	miệng
dirt	bẩn
engineering	kỹ thuật
protest	cuộc phản đối
subsidy	trợ cấp
attack	cuộc tấn công
pose	tư thế
archaeology	khảo cổ học
sail	buồm
estrangement	sự xa lánh
act	hành vi
march	cuộc diễn hành
rainfall	mưa
spices	gia vị
plateau	cao nguyên
interval	khoảng thời gian
conference	hội nghị
realm	vương quốc
curio	đồ cổ
trifle	chuyện vặt
left-hander	người thuận tay trái
gravel	sỏi
fraud	gian lận
symposium	hội thảo
rebuilding	tái thiết
playback	phát lại
mining	khai mỏ
gathering	cuộc họp mặt
cultivation	trồng trọt
friendly	thân thiện
germ	mầm bệnh
riches	của cải
finances	tài chính
make-up	trang điểm
fence	hàng rào
hallucination	ảo giác
murder	vụ giết người
sundries	linh tinh
chatting	nói chuyện
shamisen	shamisen
visiting	thăm viếng
mountains	núi
hillside	sườn núi
miserable	khổ sở
postpartum	sau sinh
yield	sản lượng
acid	axit
oxidation	oxy hóa
trick	trò
thorn	gai
embroidery	thêu thùa
thought	tư tưởng
indication	chỉ dấu
mandate	sứ mệnh
orders	lệnh
enforcing	cưỡng chế
vision	tầm nhìn
requirements	điều kiện
raising	nuôi dưỡng
dentistry	nha khoa
prior	trước đó
Samurai	samurai
magnetism	từ tính
otolaryngology	tai mũi họng
self	cái tôi
self-conscious	tự ý thức
hubris	kiêu căng
freely	tự do
self-confidence	tự tin
spin	sự xoay
independence	độc lập
resignation	sự từ chức
axis	trục
adhesion	dính kết
elimination	loại trừ
jealousy	ghen tị
businessman	doanh nhân
essence	tinh túy
sod	tảng cỏ
weakness	yếu đuối
starring	đóng vai chính
protagonist	nhân vật chính
swap	trao đổi
doorkeeper	người gác cổng
preparations	sự chuẩn bị
handicrafts	thủ công
manacles	còng tay
trouble	rắc rối
technique	kỹ xảo
choker	vòng cổ
arbour	dàn cây
create	tạo ra
returns	lợi nhuận
seating	chỗ ngồi
adornment	trang hoàng
aggregate	tổng
fullness	đầy đặn
lithe	mềm mại
cool	mát mẻ
beast	con thú
repetition	sự lặp
usefulness	tính hữu dụng
lessons	bài học
bleeding	chảy máu
random	ngẫu nhiên
sailing	chèo thuyền buồm
wink	cái nháy mắt
shield	tấm chắn
whereabouts	chỗ đang ở
owning	sở hữu
fixed	cố định
particle	tiểu từ
Ms	cô
quotient	thương
pediatrics	nhi khoa
retail	bán lẻ
treetop	ngọn cây
erasing	xóa bỏ
collation	đối chiếu
illumination	ánh sáng
phenomenon	hiện tượng
symbol	biểu tượng
boss	ông chủ
compassionate	nhân từ
pact	hiệp ước
cane	cây gậy
distillation	chưng cất
concession	nhượng bộ
colony	thuộc địa
weave	dệt
fabric	vải vóc
devotee	tín đồ
deliberation	bàn bạc
heartening	phấn khởi
forlorn	bơ vơ
outset	khởi đầu
vibration	rung động
newly-wed	tân hôn
freshman	sinh viên năm nhất
pearl	ngọc trai
devotion	sự tận tâm
mystery	bí ẩn
gentleman	quý ông
gesture	điệu bộ
presentation	bài trình bày
hostage	con tin
glimpse	thoáng thấy
dustpan	đồ hốt
propulsion	lực đẩy
guess	lời đoán
reasoning	lý luận
vapor	hơi nước
fountainhead	nguồn cội
flushing	xả nước
cult	tôn giáo cuồng
numeral	chữ số
fruits	trái cây
maturity	trưởng thành
constellation	chòm sao
pure	tinh khiết
purity	sự tinh khiết
native	bản xứ
lukewarm	hâm hâm
menses	kinh nguyệt
delicate	mỏng manh
Bible	Kinh Thánh
recipe	công thức nấu ăn
honest	thật thà
youth	tuổi trẻ
repose	nghỉ ngơi
static	tĩnh
brittle	giòn
deficit	thâm hụt
heir	người thừa kế
conjunction	liên từ
persuasion	thuyết phục
avalanche	tuyết lở
despair	tuyệt vọng
hermit	ẩn sĩ
preceding	trước
inborn	bẩm sinh
tactics	chiến thuật
mean	xấu tính
diving	lặn
fibre	sợi
selection	sự chọn
booking	đặt chỗ
precedent	tiền lệ
virtue	đức
annihilation	tiêu diệt
step	bước đi
creation	sự sáng tạo
appropriate	thích đáng
ornament	đồ trang trí
traveling	đi lại
remittance	chuyển khoản
hatred	thù hận
duration	thời hạn
saliva	nước bọt
physique	thân hình
interaction	tương tác
cope	xoay xở
equivalent	tương đương
appointment	cuộc hẹn
dull	đần độn
expressly	rõ ràng
default	vỡ nợ
thigh	đùi
degeneration	thoái hóa
extermination	diệt trừ
alternately	luân phiên
substitution	thế chỗ
libretto	lời ca kịch
mess	mớ hỗn độn
grandiose	hoành tráng
bold	táo bạo
fairly	khá là
shit	chết tiệt
ordinal	thứ tự
secession	ly khai
monotony	đơn điệu
litter	rác rưởi
expedition	thám hiểm
sigh	tiếng thở dài
tanka	tanka
protein	protein
podium	bục đứng
elasticity	độ đàn hồi
declaration	tuyên ngôn
discount	chiết khấu
intellectual	trí thức
terrain	địa hình
hell	địa ngục
slack	chùng xuống
lag	độ trễ
damn	chết tiệt
store	cửa hàng
suffocation	ngạt thở
launch	phóng
coloring	màu tô
relay	tiếp sức
libel	bôi nhọ
pivot	điểm tựa
break	nghỉ giải lao
poisoning	ngộ độc
offended	xúc phạm
neutrality	trung lập
neutralize	trung hòa
go-between	môi giới
somersault	lộn nhào
fidelity	trung thành
raffle	xổ số
remarkable	nổi bật
noted	nổi danh
savings	tiền tiết kiệm
tide	thủy triều
auditing	kiểm toán
stethoscope	ống nghe
guts	gan dạ
butterfly	con bướm
mediation	hòa giải
chief	người đứng đầu
spire	chóp tháp
sinking	chìm đắm
wages	tiền lương
tsunami	sóng thần
falling	rơi xuống
pursuit	sự theo đuổi
exile	lưu vong
keen	sắc bén
connoisseur	người sành
coherence	tính mạch lạc
strap	dây đeo
fishing	câu cá
offer	đề nghị
acceptance	sự chấp nhận
adaptation	thích ứng
aptitude	năng khiếu
crowbar	xà beng
heavenly	thiên đường
ceiling	trần
divert	chuyển hướng
transfer	chuyển giao
ignition	đánh lửa
rear	phía sau
betting	cá độ
arena	sân đấu
insolvency	phá sản
hibernation	ngủ đông
stealing	ăn cắp
lead	dẫn dắt
flight	chuyến bay
pottery	gốm sứ
mobilization	huy động
motive	động cơ
dynamic	năng động
unrest	bất ổn
power	sức mạnh
tuning	chỉnh dây
longing	khát khao
dojo	võ đường
copper	đồng
monopoly	độc quyền
originality	tính độc đáo
reader	người đọc
penetration	xâm nhập
stolidity	đờ đẫn
cabinet	nội các
viscera	nội tạng
inland	nội địa
over-familiar	suồng sã
defect	khuyết điểm
sunburn	cháy nắng
obtaining	thu được
bathe	tắm
urine	nước tiểu
nomination	đề cử
pregnancy	thai kỳ
cognizance	nhận biết
yearbook	niên giám
seniority	thâm niên
screw	ốc
burning	cháy
fuel	nhiên liệu
viscosity	độ nhớt
languid	uể oải
worry	lo
grasp	nắm bắt
send	gửi đi
destruction	sự phá hủy
annulment	hủy bỏ
rupture	vỡ toạc
scrap	phế
repeal	bãi bỏ
borrowing	vay
drainage	thoát nước
defeat	thua
disposition	tính khí
allotment	phân chia
indemnity	bồi thường
persecution	sự bức hại
bomb	quả bom
blast	vụ nổ
burgeoning	nảy nở
excavation	khai quật
fit	vừa vặn
outbreak	bùng phát
starting	khởi động
curse	lời nguyền
warp	vênh
revolt	nổi loạn
echo	vang vọng
counterblow	đòn phản
oppose	chống lại
mutiny	nổi loạn
spots	vết đốm
edition	ấn bản
annoying	phiền toái
negation	phủ định
misery	cảnh khổ
shriek	tiếng kêu
door	cánh cửa
proportion	tỷ lệ
manure	phân
misconduct	hành vi sai
tail	cái đuôi
smile	nụ cười
eyebrow	lông mày
beauty	vẻ đẹp
motto	phương châm
depiction	họa
sensibility	tế nhị
essential	cần thiết
irregularity	bất thường
disgrace	sự nhục
annexed	sáp nhập
appendix	phụ lục
millionaire	triệu phú
tea-towel	khăn chén
edict	sắc lệnh
ubiquity	sự phổ biến
fickle	thất thường
buoyancy	sức nổi
decay	mục nát
wound	vết thương
force	lực lượng
feudalistic	phong kiến
blockade	phong tỏa
revival	phục hưng
boiling	sôi
French	tiếng Pháp
unsatisfied	bất mãn
storeroom	kho chứa
minute	phút
dispersion	phân tán
molecule	phân tử
denominator	mẫu số
split	tách ra
spewing	phun trào
confusing	gây nhầm lẫn
soldier	lính
closing	đóng cửa
finishing	hoàn tất
repayment	trả lại
insurance	bảo hiểm
maintaining	duy trì
pavement	vỉa hè
whaling	đánh cá voi
constable	cảnh sát
compensation	bồi thường
reparation	bồi thường
fund-raising	gây quỹ
cemetery	nghĩa địa
follow	đi theo
dumbfounded	sững sờ
service	dịch vụ
peak	đỉnh cao
collapse	sụp
abandonment	bỏ
emission	khí thải
radioactivity	phóng xạ
emit	phát
courtroom	tòa
saturation	bão hòa
meagre	ít ỏi
gale	cơn gió mạnh
violence	bạo lực
exposure	phơi nhiễm
desirable	mong muốn
spinning	kéo sợi
cheek	má
manservant	người hầu
pastor	mục sư
forfeited	mất quyền
propriety	lễ độ
substance	bản chất
instinct	bản năng
flax	gai
anaesthesia	gây mê
palsy	bại liệt
almighty	toàn năng
unanimous	nhất trí
unmarried	độc thân
pending	chờ
crowd	đám đông
close	gần
density	mật độ
pulse	nhịp mạch
democratic	dân chủ
absurdly	vô lý
reticence	im lặng
innocence	vô tội
ignorance	dốt nát
jumbled	lộn xộn
inefficiency	kém hiệu quả
useless	vô ích
son-in-law	con rể
honor	danh dự
clarity	rõ ràng
exemption	miễn trừ
acne	mụn trứng cá
rage	cơn thịnh nộ
eyelid	mí mắt
look	cái nhìn
bedding	đồ giường
nighthawk	cú đêm
designs	họa tiết
wild	hoang
arrow	mũi tên
gentle	dịu dàng
ascendancy	thế thượng phong
supremacy	thống trị
superiority	ưu thế
bravery	lòng dũng cảm
beneficial	có ích
organic	hữu cơ
prominence	sự nổi bật
lure	mồi
nomadism	du mục
versatility	linh hoạt
premonition	linh cảm
directions	chỉ dẫn
suppression	đàn áp
desire	ham muốn
barefoot	chân đất
attendance	sự có mặt
lawmaking	lập pháp
acronym	viết tắt
pillage	cướp bóc
sink	bồn rửa
arrears	nợ quá hạn
finish	kết thúc
acknowledgement	cảm ơn / thừa nhận
favorable	thuận
conscience	lương tâm
forestry	lâm nghiệp
analogous	tương tự
analogy	phép loại suy
lotus	hoa sen
solidarity	đoàn kết
commonwealth	khối thịnh vượng chung
dew	sương mai
blunt	cùn
recitation	đọc
senility	lão suy
logic	lô gic
planet	hành tinh
frame	khung
apology	xin lỗi
steady	ổn định
beak	mỏ chim
abundantly	dồi dào
indirect	gián tiếp
supple	mềm dẻo
excreta	chất thải
ticklish	ngứa
frank	thẳng
brightly	rạng
creases	nếp gấp
decent	tử tế
lottery	xổ số
bud	nụ hoa
wince	nhăn
snoring	tiếng ngáy
to	để
the	cái
a	một
an	một
of	của
and	và
or	hoặc
for	cho
in	trong
on	trên
with	với
from	từ
that	rằng
this	cái này
used	dùng
into	vào
about	về
which	mà
it	nó
its	của nó
be	là
is	là
are	là
was	đã
were	đã
not	không
no	không
yes	vâng
when	khi
where	ở đâu
what	cái gì
how	thế nào
who	ai
as	như
by	bởi
at	tại
to be	là
to do	làm
to make	làm
to have	có
to get	lấy
to go	đi
to come	đến
to see	thấy
to say	nói
to know	biết
to think	nghĩ
to want	muốn
to give	cho
to find	tìm
to use	dùng
to work	làm việc
to call	gọi
to try	thử
to ask	hỏi
to need	cần
to feel	cảm thấy
to become	trở thành
to leave	rời
to put	đặt
to mean	nghĩa là
to keep	giữ
to let	để
to begin	bắt đầu
to seem	dường như
to help	giúp
to talk	nói chuyện
to turn	quay
to start	bắt đầu
to might	có thể
to show	cho xem
to hear	nghe
to play	chơi
to run	chạy
to move	di chuyển
to live	sống
to believe	tin
to hold	cầm
to bring	mang
to happen	xảy ra
to write	viết
to provide	cung cấp
to sit	ngồi
to stand	đứng
to lose	mất
to pay	trả
to meet	gặp
to include	bao gồm
to continue	tiếp tục
to set	đặt
to learn	học
to change	thay đổi
to lead	dẫn
to understand	hiểu
to watch	xem
to follow	theo
to stop	dừng
to create	tạo
to speak	nói
to read	đọc
to allow	cho phép
to add	thêm
to spend	tiêu
to grow	lớn lên
to open	mở
to walk	đi bộ
to win	thắng
to offer	đề nghị
to remember	nhớ
to love	yêu
to consider	cân nhắc
to appear	xuất hiện
to buy	mua
to wait	đợi
to serve	phục vụ
to die	chết
to send	gửi
to expect	mong đợi
to build	xây
to stay	ở lại
to fall	ngã
to cut	cắt
to reach	đạt
to kill	giết
to remain	còn lại
to suggest	gợi ý
to raise	nâng
to pass	đi qua
to sell	bán
to require	đòi hỏi
to report	báo cáo
to decide	quyết định
to pull	kéo
to return	trả lại
to explain	giải thích
to hope	hy vọng
to develop	phát triển
to carry	mang
to break	làm vỡ
to receive	nhận
to agree	đồng ý
to support	ủng hộ
to hit	đánh
to produce	sản xuất
to eat	ăn
to cover	che
to catch	bắt
to draw	vẽ
to choose	chọn
to cause	gây ra
to point	chỉ
to listen	lắng nghe
to realize	nhận ra
to place	đặt
to close	đóng
to involve	liên quan
to increase	tăng
to seek	tìm kiếm
to arise	nảy sinh
to wear	mặc
to spread	lan
to save	cứu / tiết kiệm
to apply	áp dụng
to mention	nhắc đến
to laugh	cười
to finish	xong
to fit	vừa
to drop	rơi
to drive	lái
to hang	treo
to forget	quên
to clap	vỗ tay
to omit	bỏ sót
to excel	xuất sắc
to wilt	héo
to straddle	cưỡi ngang
to rip	xé
to confer	trao
to abate	giảm
to scold	mắng
to hasten	vội
to scorch	cháy sém
to flood	ngập
to attach	gắn
to trick	lừa
to hesitate	do dự
to trip	vấp
to romp	đùa
to strike	đánh
to slant	nghiêng
to press	ấn
to deepen	làm sâu
to aim	nhắm
to scratch	gãi
to roll	lăn
to deceive	lừa
to harass	quấy
to bury	chôn
to surround	bao quanh
to traverse	đi xuyên
to lower	hạ
to append	nối
to ascertain	xác minh
to awaken	đánh thức
to mourn	khóc thương
to resound	vang
to bend	uốn
to dig	đào
to summon	triệu
to spread	lan
to broaden	mở rộng
to till	cày
to mince	băm nhỏ
to deify	thần thánh hóa
to sow	gieo
to scatter	rải
to murder	giết người
to stab	đâm
to ripen	chín
to serve	phục vụ
to take	lấy
to fold	gấp
to behave	cư xử
to mimic	bắt chước
to fan	quạt
to envy	ghen
to deny	phủ nhận
to store	cất giữ
to carve	khắc
to shave	cạo
to shut	đóng
to heat	đun
to creep	bò
to peel	bóc
to dilute	pha loãng
to cover	che phủ
to lay	đặt
to stroke	vuốt ve
to knit	đan
to compensate	bù đắp
to crumble	vụn ra
to sew	may
to swell	sưng
to dissolve	hòa tan
to calm	làm dịu
to abbreviate	viết tắt
to amass	tích tụ
to rub	chà xát
to squat	ngồi xổm
to suck	hút
to comfort	an ủi
to dishonour	làm nhục
to spoil	làm hỏng
to starve	đói
to dip	nhúng
to prohibit	cấm
to grant	ban
to accustom	làm quen
to fawn	nịnh
to loosen	nới
to lean	dựa
to scoop	múc
to rot	thối
to emphasize	nhấn mạnh
to pity	thương hại
to soften	làm mềm
to mutter	lẩm bẩm
to pinch	véo
to pick	chọn
to stir-fry	xào
to jar	va chạm
to clap	vỗ
to snatch	giật
to count	đếm
to pile	chồng
to resort	dựa vào
to suffer	chịu
to bay	sủa
to trick	lừa gạt
hello	xin chào
goodbye	tạm biệt
please	làm ơn
thanks	cảm ơn
sorry	xin lỗi
yes	vâng
no	không
maybe	có lẽ
always	luôn luôn
never	không bao giờ
often	thường
sometimes	thỉnh thoảng
usually	thường thường
already	đã
still	vẫn
yet	chưa
just	vừa
only	chỉ
also	cũng
very	rất
too	quá
so	vậy
more	hơn
most	nhất
less	ít hơn
much	nhiều
many	nhiều
few	ít
some	một số
any	bất kỳ
all	tất cả
each	mỗi
every	mỗi
other	khác
another	một cái khác
same	cùng
new	mới
old	cũ
young	trẻ
long	dài
short	ngắn
high	cao
low	thấp
big	lớn
small	nhỏ
large	lớn
little	bé
good	tốt
bad	xấu
right	đúng / phải
wrong	sai
true	đúng
false	sai
easy	dễ
hard	khó / cứng
difficult	khó
simple	đơn giản
important	quan trọng
possible	có thể
necessary	cần thiết
available	có sẵn
different	khác
similar	tương tự
common	phổ biến
special	đặc biệt
normal	bình thường
popular	phổ biến
famous	nổi tiếng
beautiful	đẹp
pretty	xinh
nice	dễ thương
happy	vui
sad	buồn
angry	giận
afraid	sợ
sure	chắc
clear	rõ
dark	tối
light	ánh sáng / nhẹ
heavy	nặng
fast	nhanh
slow	chậm
early	sớm
late	muộn
hot	nóng
cold	lạnh
warm	ấm
cool	mát
wet	ướt
dry	khô
full	đầy
empty	trống
open	mở
closed	đóng
free	miễn phí / tự do
busy	bận
ready	sẵn sàng
able	có thể
unable	không thể
likely	có lẽ
certain	chắc chắn
real	thật
actual	thực tế
current	hiện tại
recent	gần đây
future	tương lai
past	quá khứ
present	hiện tại / quà
person	người
people	mọi người
man	đàn ông
woman	phụ nữ
child	đứa trẻ
boy	cậu bé
girl	cô bé
friend	bạn
family	gia đình
father	bố
mother	mẹ
parent	cha mẹ
son	con trai
daughter	con gái
brother	anh em
sister	chị em
husband	chồng
wife	vợ
name	tên
life	cuộc sống
world	thế giới
country	đất nước
city	thành phố
town	thị trấn
village	làng
house	nhà
home	nhà
room	phòng
school	trường
student	học sinh
teacher	giáo viên
class	lớp
lesson	bài học
book	sách
paper	giấy
pen	bút
time	thời gian
day	ngày
night	đêm
morning	buổi sáng
evening	buổi tối
week	tuần
month	tháng
year	năm
today	hôm nay
tomorrow	ngày mai
yesterday	hôm qua
hour	giờ
minute	phút
second	giây
water	nước
food	thức ăn
money	tiền
work	công việc
job	việc
company	công ty
office	văn phòng
business	kinh doanh
market	chợ / thị trường
price	giá
number	số
part	phần
place	nơi
side	bên
end	cuối
kind	loại
sort	kiểu
type	kiểu
example	ví dụ
question	câu hỏi
answer	câu trả lời
problem	vấn đề
idea	ý tưởng
fact	sự thật
reason	lý do
result	kết quả
effect	tác động
change	thay đổi
level	cấp
system	hệ thống
group	nhóm
member	thành viên
team	đội
case	trường hợp
law	luật
government	chính phủ
state	bang / trạng thái
war	chiến tranh
peace	hòa bình
health	sức khỏe
body	cơ thể
head	đầu
hand	tay
eye	mắt
ear	tai
mouth	miệng
foot	chân
leg	chân
arm	cánh tay
back	lưng
blood	máu
voice	giọng
word	từ
language	ngôn ngữ
story	câu chuyện
news	tin tức
music	âm nhạc
art	nghệ thuật
color	màu
sound	âm thanh
light	ánh sáng
air	không khí
fire	lửa
earth	đất
sea	biển
river	sông
mountain	núi
tree	cây
flower	hoa
animal	động vật
dog	chó
cat	mèo
bird	chim
fish	cá
car	xe hơi
train	tàu
bus	xe buýt
plane	máy bay
ship	tàu thủy
station	ga
airport	sân bay
street	phố
bridge	cầu
park	công viên
shop	cửa hàng
hospital	bệnh viện
bank	ngân hàng
hotel	khách sạn
restaurant	nhà hàng
letter	thư / chữ cái
phone	điện thoại
computer	máy tính
machine	máy
tool	công cụ
key	chìa khóa
door	cửa
window	cửa sổ
table	bàn
chair	ghế
bed	giường
box	hộp
bag	túi
glass	ly / kính
cup	cốc
plate	đĩa
knife	dao
clock	đồng hồ
watch	đồng hồ đeo tay
picture	bức tranh
photo	ảnh
map	bản đồ
card	thẻ
ticket	vé
gift	quà
game	trò chơi
sport	thể thao
ball	bóng
movie	phim
tv	tivi
radio	radio
internet	internet
email	email
password	mật khẩu
user	người dùng
data	dữ liệu
file	tệp
page	trang
line	dòng
list	danh sách
order	thứ tự / đơn hàng
plan	kế hoạch
project	dự án
report	báo cáo
record	hồ sơ
rule	quy tắc
test	bài kiểm tra
exam	kỳ thi
score	điểm
grade	điểm / khối
subject	môn học
history	lịch sử
science	khoa học
math	toán
english	tiếng Anh
japanese	tiếng Nhật
vietnamese	tiếng Việt
culture	văn hóa
society	xã hội
nature	thiên nhiên
environment	môi trường
energy	năng lượng
material	vật liệu
metal	kim loại
wood	gỗ
stone	đá
paper	giấy
plastic	nhựa
glass	thủy tinh
cloth	vải
oil	dầu
gas	khí
electricity	điện
temperature	nhiệt độ
weather	thời tiết
rain	mưa
snow	tuyết
wind	gió
cloud	mây
sky	bầu trời
sun	mặt trời
moon	mặt trăng
star	sao
season	mùa
spring	mùa xuân
summer	mùa hè
autumn	mùa thu
winter	mùa đông
north	bắc
south	nam
east	đông
west	tây
left	trái
right	phải
front	trước
center	trung tâm
middle	giữa
top	đỉnh
bottom	đáy
inside	trong
outside	ngoài
near	gần
far	xa
here	ở đây
there	ở đó
now	bây giờ
then	sau đó
again	lại
once	một lần
twice	hai lần
first	thứ nhất
last	cuối cùng
next	tiếp theo
previous	trước đó
final	chung cuộc
total	tổng
amount	số lượng
size	kích thước
weight	trọng lượng
speed	tốc độ
distance	khoảng cách
height	chiều cao
length	chiều dài
width	chiều rộng
area	diện tích
age	tuổi
value	giá trị
quality	chất lượng
quantity	số lượng
rate	tỷ lệ
ratio	tỷ số
percent	phần trăm
average	trung bình
maximum	tối đa
minimum	tối thiểu
limit	giới hạn
range	phạm vi
unit	đơn vị
piece	mảnh
pair	cặp
set	bộ
group	nhóm
team	đội
crowd	đám đông
audience	khán giả
guest	khách
host	chủ nhà
owner	chủ
customer	khách hàng
client	khách
patient	bệnh nhân
doctor	bác sĩ
nurse	y tá
police	cảnh sát
soldier	lính
officer	sĩ quan
leader	lãnh đạo
manager	quản lý
staff	nhân viên
worker	công nhân
farmer	nông dân
artist	nghệ sĩ
writer	nhà văn
singer	ca sĩ
player	cầu thủ
fan	người hâm mộ
neighbor	hàng xóm
stranger	người lạ
foreigner	người nước ngoài
citizen	công dân
public	công cộng
private	riêng tư
official	chính thức
personal	cá nhân
social	xã hội
political	chính trị
economic	kinh tế
cultural	văn hóa
national	quốc gia
international	quốc tế
local	địa phương
global	toàn cầu
modern	hiện đại
traditional	truyền thống
ancient	cổ
recent	gần đây
sudden	đột ngột
gradual	từ từ
rapid	nhanh
slow	chậm
quiet	yên tĩnh
noisy	ồn
loud	to
soft	mềm
hard	cứng
smooth	mượt
rough	thô
sharp	sắc
flat	phẳng
round	tròn
square	vuông
deep	sâu
shallow	nông
thick	dày
thin	mỏng
wide	rộng
narrow	hẹp
tight	chặt
loose	lỏng
strong	mạnh
weak	yếu
powerful	mạnh mẽ
gentle	nhẹ nhàng
kind	tử tế
cruel	độc ác
honest	thành thật
polite	lịch sự
rude	thô lỗ
clever	thông minh
stupid	ngu
wise	khôn ngoan
foolish	dại
brave	dũng cảm
coward	nhát
proud	tự hào
humble	khiêm tốn
selfish	ích kỷ
generous	hào phóng
lazy	lười
diligent	siêng năng
careful	cẩn thận
careless	bất cẩn
serious	nghiêm túc
funny	buồn cười
interesting	thú vị
boring	nhàm chán
exciting	hấp dẫn
amazing	kinh ngạc
wonderful	tuyệt vời
terrible	kinh khủng
horrible	kinh hồn
dangerous	nguy hiểm
safe	an toàn
healthy	khỏe
sick	ốm
dead	chết
alive	còn sống
asleep	đang ngủ
awake	thức
hungry	đói
thirsty	khát
tired	mệt
busy	bận rộn
free	rảnh
rich	giàu
poor	nghèo
cheap	rẻ
expensive	đắt
valuable	có giá trị
useless	vô dụng
useful	hữu ích
helpful	hay giúp
harmful	có hại
successful	thành công
failure	thất bại
victory	chiến thắng
defeat	thất bại
peace	hòa bình
war	chiến tranh
love	tình yêu
hate	ghét
hope	hy vọng
fear	nỗi sợ
joy	niềm vui
sorrow	nỗi buồn
anger	cơn giận
surprise	sự ngạc nhiên
interest	sự quan tâm
attention	sự chú ý
memory	trí nhớ
dream	giấc mơ
thought	ý nghĩ
feeling	cảm giác
emotion	cảm xúc
mind	tâm trí
soul	linh hồn
spirit	tinh thần
heart	trái tim
brain	não
knowledge	kiến thức
wisdom	trí tuệ
skill	kỹ năng
ability	năng lực
talent	tài năng
effort	nỗ lực
success	thành công
progress	tiến bộ
growth	tăng trưởng
development	phát triển
improvement	cải thiện
change	thay đổi
difference	sự khác biệt
similarity	sự giống nhau
comparison	so sánh
choice	sự lựa chọn
decision	quyết định
opinion	ý kiến
view	quan điểm
belief	niềm tin
faith	đức tin
trust	sự tin tưởng
doubt	sự nghi ngờ
truth	sự thật
lie	lời nói dối
secret	bí mật
promise	lời hứa
agreement	thỏa thuận
argument	cuộc tranh cãi
discussion	thảo luận
conversation	cuộc trò chuyện
speech	bài nói
lecture	bài giảng
lesson	bài học
advice	lời khuyên
warning	cảnh báo
order	mệnh lệnh
request	yêu cầu
permission	sự cho phép
prohibition	sự cấm
rule	luật
custom	phong tục
habit	thói quen
tradition	truyền thống
culture	văn hóa
religion	tôn giáo
god	thần
temple	đền
shrine	đền thờ
church	nhà thờ
prayer	cầu nguyện
festival	lễ hội
ceremony	lễ
celebration	ăn mừng
birthday	sinh nhật
wedding	đám cưới
funeral	đám tang
holiday	ngày lễ
vacation	kỳ nghỉ
travel	du lịch
trip	chuyến đi
journey	hành trình
tour	tour
visit	chuyến thăm
guest	khách
host	chủ
invitation	lời mời
welcome	chào đón
goodbye	tạm biệt
hello	xin chào
thanks	cảm ơn
apology	xin lỗi
excuse	lời xin lỗi
greeting	lời chào
introduction	giới thiệu
conversation	hội thoại
question	câu hỏi
answer	đáp án
explanation	giải thích
description	mô tả
definition	định nghĩa
translation	bản dịch
meaning	ý nghĩa
pronunciation	cách phát âm
spelling	chính tả
grammar	ngữ pháp
vocabulary	từ vựng
dictionary	từ điển
sentence	câu
paragraph	đoạn
chapter	chương
article	bài viết
essay	bài luận
novel	tiểu thuyết
poem	thơ
song	bài hát
music	âm nhạc
dance	điệu nhảy
play	vở kịch
movie	phim
film	phim
show	buổi diễn
concert	hòa nhạc
exhibition	triển lãm
museum	bảo tàng
library	thư viện
theater	nhà hát
stadium	sân vận động
gym	phòng tập
pool	hồ bơi
beach	bãi biển
island	đảo
forest	rừng
field	cánh đồng
farm	nông trại
garden	vườn
park	công viên
zoo	sở thú
aquarium	thủy cung
castle	lâu đài
palace	cung điện
tower	tháp
bridge	cầu
tunnel	hầm
road	đường
highway	cao tốc
street	phố
alley	hẻm
square	quảng trường
station	nhà ga
port	cảng
harbor	cảng
airport	sân bay
terminal	nhà ga
platform	sân ga
ticket	vé
passport	hộ chiếu
visa	thị thực
custom	hải quan
border	biên giới
map	bản đồ
guide	hướng dẫn
hotel	khách sạn
inn	quán trọ
room	phòng
key	chìa
reservation	đặt chỗ
check-in	làm thủ tục
check-out	trả phòng
breakfast	bữa sáng
lunch	bữa trưa
dinner	bữa tối
menu	thực đơn
dish	món
taste	vị
flavor	hương vị
ingredient	nguyên liệu
recipe	công thức
kitchen	nhà bếp
restaurant	nhà hàng
cafe	quán cà phê
bar	quầy bar
shop	cửa hàng
store	cửa hàng
market	chợ
supermarket	siêu thị
mall	trung tâm thương mại
price	giá
discount	giảm giá
sale	giảm giá
cash	tiền mặt
card	thẻ
receipt	biên lai
change	tiền thối
bill	hóa đơn
tax	thuế
tip	tiền tip
gift	quà tặng
souvenir	quà lưu niệm
bag	túi
box	hộp
package	gói
delivery	giao hàng
shipping	vận chuyển
address	địa chỉ
phone	điện thoại
message	tin nhắn
letter	thư
postcard	bưu thiếp
stamp	tem
envelope	phong bì
news	tin
information	thông tin
advertisement	quảng cáo
announcement	thông báo
notice	thông báo
sign	biển hiệu
poster	áp phích
label	nhãn
brand	thương hiệu
company	công ty
factory	nhà máy
industry	công nghiệp
product	sản phẩm
goods	hàng hóa
service	dịch vụ
quality	chất lượng
quantity	số lượng
stock	hàng tồn
order	đơn hàng
customer	khách hàng
client	khách hàng
contract	hợp đồng
deal	thỏa thuận
profit	lợi nhuận
loss	thua lỗ
income	thu nhập
salary	lương
wage	tiền công
bonus	thưởng
tax	thuế
budget	ngân sách
cost	chi phí
expense	chi phí
investment	đầu tư
bank	ngân hàng
account	tài khoản
loan	khoản vay
debt	nợ
interest	lãi
insurance	bảo hiểm
pension	lương hưu
savings	tiết kiệm
wealth	của cải
poverty	nghèo đói
economy	kinh tế
market	thị trường
trade	thương mại
import	nhập khẩu
export	xuất khẩu
company	công ty
office	văn phòng
meeting	cuộc họp
conference	hội nghị
presentation	thuyết trình
report	báo cáo
document	tài liệu
file	hồ sơ
data	dữ liệu
computer	máy tính
software	phần mềm
hardware	phần cứng
internet	mạng
website	trang web
email	thư điện tử
password	mật khẩu
user	người dùng
login	đăng nhập
logout	đăng xuất
download	tải xuống
upload	tải lên
search	tìm kiếm
click	nhấp
type	gõ
print	in
copy	sao chép
paste	dán
cut	cắt
delete	xóa
save	lưu
open	mở
close	đóng
send	gửi
receive	nhận
share	chia sẻ
like	thích
comment	bình luận
post	bài đăng
follow	theo dõi
friend	bạn
message	tin nhắn
call	cuộc gọi
video	video
photo	ảnh
camera	máy ảnh
battery	pin
charger	sạc
cable	cáp
screen	màn hình
keyboard	bàn phím
mouse	chuột
speaker	loa
headphone	tai nghe
microphone	micro
remote	điều khiển
button	nút
switch	công tắc
light	đèn
power	nguồn điện
plug	phích cắm
socket	ổ cắm
typewriter	máy đánh chữ
apparition	bóng ma
to prosper	thịnh vượng
to flourish	phát đạt
purchase	mua
to stir up	khuấy động
to bear	chịu / sinh
to encircle	bao quanh
enormous	khổng lồ
knee	đầu gối
goblin	yêu tinh
gang	băng nhóm
so-so	tạm được
dry cell	pin khô
to extend	kéo dài
to expand	mở rộng
sashimi	sashimi
tap	vòi
faucet	vòi nước
first 10 days of month	mười ngày đầu tháng
fixed number of regular personnel	biên chế
capacity (of boat	sức chứa (thuyền
to distribute	phân phát
to imitate	bắt chước
to emulate	bắt chước
gap	khe
slippage	trượt
drive-in	drive-in
pachinko	pachinko
bat	dơi / gậy
vat	bồn
plentiful	dồi dào
abundant	phong phú
yokozuna	yokozuna
public prosecutor	công tố viên
to hone	mài
to sharpen	mài sắc
to grind	nghiền
formal marriage interview	omiai
to deprecate oneself and praise the listener	khiêm nhường khen người nghe
row of houses	dãy nhà
chemical element	nguyên tố
first year (of a specific reign)	năm đầu niên hiệu
atomic bomb	bom nguyên tử
crude oil	dầu thô
article counter	loại từ đếm bài
ash	tro
Good morning	chào buổi sáng
good morning	chào buổi sáng
(abbr) good morning	chào buổi sáng
skillful (only in comparisons)	khéo (khi so sánh)
puckery juice	nước chát
counter for wheels and flowers	loại từ đếm bánh xe và hoa
implying (negatively) that something is full of  e.g. mistakes	ám chỉ đầy (lỗi)
historic ruins (remains  relics)	di tích
fourth sign of Chinese zodiac (The Hare  5am-7am  east  February)	mão (địa chi)
section (of track  etc)	đoạn đường
to take	lấy
to jar	va đụng
inside out	lộn trái
solid body	khối đặc
dancing (geisha)	múa (geisha)
passenger (transport)	hành khách
both extremities	hai cực
territorial waters	lãnh hải
cold storage	kho lạnh
consecutive holidays	nghỉ liền ngày
Japanese style	kiểu Nhật
Japanese text	văn Nhật
to mutter	lẩm bẩm
to pinch	véo
to pick	hái
to stir-fry	xào
to pity	thương
to soften	làm mềm
