day after tomorrow	ngày kia
over there	đằng kia
there	ở đó
you	bạn
that over there	cái kia (xa)
apartment	căn hộ
to bathe	tắm
not very	không lắm
to be	có / ở
that	cái đó
good	tốt
no	không
how	thế nào
how many?	bao nhiêu
how much?	bao nhiêu tiền
chair	ghế
best	tốt nhất
when	khi nào
always	luôn luôn
various	đa dạng
yes	vâng
elevator	thang máy
delicious	ngon
stomach	bụng
grandmother	bà
friendly term for policeman	cách gọi thân mật với cảnh sát
interesting	thú vị
sweets	đồ ngọt
money	tiền
(honorable) older brother	anh trai (tôn kính)
plate	đĩa
(honorable) older sister	chị gái (tôn kính)
bathroom	nhà tắm
alcohol	rượu
green tea	trà xanh
(honorable) father	bố (tôn kính)
bath	bồn tắm
boxed lunch	cơm hộp
(honorable) mother	mẹ (tôn kính)
to take time or money	tốn thời gian hoặc tiền
key	chìa khóa
to call by phone	gọi điện
cup	cốc
bag	túi
camera	máy ảnh
curry	cà ri
calendar	lịch
cute	dễ thương
guitar	ghita
pretty	xinh đẹp
kilogram	kilôgam
kilometre	kilômét
please	làm ơn
class	lớp học
gram	gam
coat	áo khoác
coffee	cà phê
here	ở đây
this person or way	người này / phía này
a glass	cốc thủy tinh
this	cái này
to copy	sao chép
such	như vậy
well…	nào / ừ thì
year after next	năm kia
however	tuy nhiên
well then…	vậy thì
shirt	áo sơ mi
shower	vòi sen
soy sauce	nước tương
skirt	váy
instantly	ngay lập tức
heater	máy sưởi
spoon	thìa
sport	thể thao
trousers	quần
slippers	dép lê
to do	làm
sweater	áo len
economy	kinh tế
zero	số không
and	và
that place	chỗ đó
near	gần
after that	sau đó
in that situation	trong trường hợp đó
very	rất
many	nhiều
taxi	taxi
length	chiều dài
tobacco	thuốc lá
probably	có lẽ
gradually	dần dần
rice bowl	bát cơm
exactly	chính xác
somewhat	hơi hơi
to turn on	bật
boring	nhàm chán
tape	băng
table	bàn
tape recorder	máy ghi âm
to be able to	có thể
test	bài kiểm tra
with that...	thế thì
department store	cửa hàng bách hóa
but	nhưng
television	tivi
Western style door	cửa kiểu Tây
toilet	nhà vệ sinh
for what reason	vì lý do gì
thanks	cảm ơn
where	ở đâu
which of two	cái nào (trong hai)
which	cái nào
who	ai
chicken meat	thịt gà
which (of three or more)	cái nào (từ ba trở lên)
knife	dao
why	tại sao
et cetera	vân vân
to become	trở thành
news	tin tức
tie	cà vạt
notebook	vở
party	bữa tiệc
to wear	mặc
chopsticks	đũa
bus	xe buýt
butter	bơ
bread	bánh mì
handkerchief	khăn tay
roll of film	cuộn phim
swimming pool	hồ bơi
fork	nĩa
page	trang
bed	giường
pet	thú cưng
pen	bút
ball-point pen	bút bi
other	khác
pocket	túi quần
post	bưu điện
button	nút
hotel	khách sạn
truth	sự thật
unpleasant	khó chịu
again	lại
yet	vẫn chưa
straight ahead	thẳng phía trước
match	diêm
everyone	mọi người
metre	mét
already	đã
more	thêm
slowly	chậm
often	thường xuyên
Used for comparison.	dùng khi so sánh
radio	radio
radio cassette player	máy radio cassette
splendid	tuyệt vời
record	đĩa than
restaurant	nhà hàng
business shirt	áo sơ mi công sở
bad	xấu
candy	kẹo
cheap	rẻ
gloomy	u ám
meaning	ý nghĩa
easy	dễ
to differ	khác
medical doctor	bác sĩ
one	một
one month	một tháng
day before yesterday	hôm kia
year before last	năm kia (trước)
together	cùng nhau
one person	một người
(1) one day	một ngày
to pull	kéo
a drink	đồ uống
to drink	uống
right side	bên phải
rain	mưa
movie	phim
cinema	rạp chiếu phim
to swim	bơi
English language	tiếng Anh
station	nhà ga
far	xa
pencil	bút chì
salt	muối
dirty	bẩn
(honorable) wife	vợ (tôn kính)
to push	đẩy
beside	bên cạnh
yellow	màu vàng
luke warm	âm ấm
music	âm nhạc
below	phía dưới
unskillful	vụng
what	cái gì
summer	mùa hè
summer holiday	kỳ nghỉ hè
house	nhà
family	gia đình
household	hộ gia đình
free time	thời gian rảnh
fruit	trái cây
song	bài hát
to sing	hát
Tuesday	thứ Ba
flower	hoa
a vase	bình hoa
luggage	hành lý
to meet	gặp
company	công ty
sea	biển
ashtray	gạt tàn
picture	bức tranh
to open	mở
stairs	cầu thang
outside	bên ngoài
foreign country	nước ngoài
foreigner	người nước ngoài
to remember	nhớ
a corner	góc
school	trường học
student	học sinh
enjoyable	vui
cold	lạnh
Chinese character	chữ kanji
sweet	ngọt
round	tròn
glasses	kính mắt
dangerous	nguy hiểm
desk	bàn học
to go back	về
to get up	thức dậy
coffee lounge	quán cà phê
rest	nghỉ ngơi
to rest	nghỉ
to smoke	hút thuốc
beef	thịt bò
milk	sữa
last year	năm ngoái
fish	cá
powerful	mạnh
to teach	dạy
classroom	phòng học
bridge	cầu
narrow	hẹp
to turn	rẽ / quay
to work for someone	làm việc cho ai
Friday	thứ Sáu
bank	ngân hàng
nine	chín
nine days	chín ngày
sky	bầu trời
shoes	giày
socks	tất
(humble) older brother	anh trai (khiêm)
(humble) siblings	anh chị em (khiêm)
policeman	cảnh sát
light	ánh sáng / nhẹ
marriage	kết hôn
Monday	thứ Hai
hate	ghét
building	tòa nhà
dog	chó
to show	cho xem
to see	nhìn / xem
health	sức khỏe
entry hall	sảnh vào
to say	nói
word	từ / lời
old (not used for people)	cũ (không dùng cho người)
to call out	gọi
Japanese style door	cửa kiểu Nhật
five	năm
five days	năm ngày
afternoon	buổi chiều
morning	buổi sáng
afterwards	sau đó
behind	phía sau
cooked rice	cơm
intersection	ngã tư
police box	bốt cảnh sát
park	công viên
kind	tử tế
mouth	miệng
likeable	dễ thương / thích
spacious	rộng rãi
black tea	trà đen
to go	đi
to get off	xuống (xe)
to fall	rơi / đổ
tall	cao
country	đất nước
black	đen
now	bây giờ
this month	tháng này
this week	tuần này
this morning	sáng nay
today	hôm nay
this year	năm nay
this evening	tối nay
to be worried	lo lắng
left hand side	bên trái
to stretch out hands	duỗi tay
sugar	đường
to sit	ngồi
thin	mỏng / gầy
wallet	ví
to bloom	nở
to make	làm
composition	bài văn
yesterday	hôm qua
last night	tối qua
to take a photo or record a film	chụp ảnh / quay phim
magazine	tạp chí
three	ba
three days	ba ngày
umbrella	ô
mountain	núi
to stroll	đi dạo
job	công việc
to use	dùng
four	bốn
four days	bốn ngày
to begin	bắt đầu
(humble) older sister	chị gái (khiêm)
child	trẻ em
to come to a halt	dừng lại
to die	chết
(humble) I	tôi (khiêm)
paper	giấy
tooth	răng
dictionary	từ điển
to hold	cầm
sometimes	thỉnh thoảng
time	thời gian
watch	đồng hồ
next	tiếp theo
ear	tai
bicycle	xe đạp
automobile	ô tô
oneself	bản thân
seven	bảy
seven days	bảy ngày
question	câu hỏi
photograph	ảnh
car	xe hơi
to borrow	mượn
young	trẻ
weak	yếu
to take something	lấy cái gì
hand	tay
letter	thư
lesson	bài học
autumn	mùa thu
to finish	kết thúc
to learn	học
to live in	sống ở
ten	mười
ten days	mười ngày
heavy	nặng
homework	bài tập về nhà
to go out	ra ngoài
to put out	đưa ra
to appear	xuất hiện
exit	lối ra
spring	mùa xuân
beginning	sự bắt đầu
for the first time	lần đầu
place	nơi
hot	nóng
to write	viết
woman	phụ nữ
girl	cô gái
little	nhỏ
few	ít
a few	một vài
to disappear	biến mất
to erase	xóa
on top of	ở trên
to give	cho
skillful	khéo léo
jacket	áo khoác
strong	mạnh
to get on	lên (xe)
colour	màu
to eat	ăn
food	thức ăn
dining hall	nhà ăn
to go to bed	đi ngủ
new	mới
newspaper	báo
spicy	cay
person	người
library	thư viện
to blow	thổi
water	nước
Wednesday	thứ Tư
clear weather	trời quang
to be sunny	nắng
to be born	sinh ra
pupil	học trò
voice	giọng nói
west	phía tây
blue	xanh
quiet	yên tĩnh
red	đỏ
to cut	cắt
postage stamp	tem
ticket	vé
snow	tuyết
the future	tương lai
last month	tháng trước
last week	tuần trước
teacher	giáo viên
thousand	nghìn
river	sông
to wash	rửa
washing	giặt giũ
before	trước
all	tất cả
to clean	dọn / lau
early	sớm
window	cửa sổ
to run	chạy
foot	chân
quick	nhanh
village	làng
fat	béo
body	cơ thể
to wait	đợi
to lend	cho mượn
kitchen	nhà bếp
big	lớn
university	đại học
to be very likeable	rất thích
embassy	đại sứ quán
all right	ổn
adult	người lớn
great number of people	nhiều người
important	quan trọng
to take off clothes	cởi quần áo
short	ngắn
birthday	sinh nhật
to play an instrument with strings	chơi nhạc cụ dây
warm	ấm
man	đàn ông
boy	cậu bé
to know	biết
underground train	tàu điện ngầm
map	bản đồ
pond	ao
to put	đặt
late	muộn
brown	nâu
to arrive at	đến nơi
to put on from the shoulders down	mặc (áo khoác)
middle	giữa
noon	buổi trưa
midday meal	bữa trưa
breakfast	bữa sáng
town	thị trấn
long	dài
bird	chim
painful	đau
garden	vườn
younger brother	em trai
to tie	buộc
weather	thời tiết
shop	cửa hàng
to stick	dán
electricity	điện
electric train	tàu điện
telephone	điện thoại
to hand over	đưa
to go across	đi qua
to climb	leo
Saturday	thứ Bảy
winter	mùa đông
east	phía đông
to answer	trả lời
head	đầu
to work	làm việc
animal	động vật
same	giống
street	đường phố
to read	đọc
pork	thịt lợn
cloudy weather	trời nhiều mây
to become cloudy	trở nên nhiều mây
south	phía nam
difficult	khó
two	hai
20 years old	hai mươi tuổi
twenty days	hai mươi ngày
two people	hai người
two days	hai ngày
bustling	náo nhiệt
meat	thịt
Sunday	Chủ nhật
to enter	vào
to put in	cho vào
entrance	cửa vào
cat	mèo
hot to the touch	nóng khi chạm
year	năm
height	chiều cao
business suit	vest
shopping	mua sắm
to buy	mua
to sell	bán
grandfather	ông
aunt	cô / dì
white	trắng
box	hộp
eight	tám
eight days	tám ngày
greengrocer	cửa hàng rau
half	một nửa
half minute	nửa phút
noisy	ồn ào
evening	buổi tối
evening meal	bữa tối
number	số
to get tired	mệt
to fly	bay
aeroplane	máy bay
nose	mũi
hundred	trăm
hospital	bệnh viện
illness	bệnh
room	phòng
envelope	phong bì
wind	gió
a cold	cảm lạnh
clothes	quần áo
thing	vật / chuyện
to be understood	được hiểu
sentence	câu
to hear	nghe
to line up	xếp hàng
to close	đóng
to close something	đóng cái gì
area	khu vực
to return something	trả lại
useful	hữu ích
to study	học
to walk	đi bộ
hat	mũ
to forget	quên
busy	bận
north	phía bắc
book	sách
bookshelves	kệ sách
to brush teeth	đánh răng
(humble) younger sister	em gái (khiêm)
every month	hàng tháng
every week	hàng tuần
every morning	mỗi sáng
every day	mỗi ngày
every year	hàng năm
every night	mỗi đêm
ten thousand	mười nghìn
fountain pen	bút máy
to lose something	làm mất
name	tên
bright	sáng
tomorrow	ngày mai
animal noise. to chirp	kêu / hót
tree	cây
Thursday	thứ Năm
eye	mắt
problem	vấn đề
gate	cổng
vegetable	rau
medicine	thuốc
friend	bạn
famous	nổi tiếng
to play	chơi
post office	bưu điện
dinner	bữa tối
western-style clothes	quần áo kiểu Tây
postcard	bưu thiếp
to need	cần
want	muốn
to come	đến
next month	tháng sau
next week	tuần sau
next year	năm sau
to ask	hỏi
egg	trứng
to stand	đứng
overseas student	du học sinh
travel	du lịch
both parents	bố mẹ
cuisine	ẩm thực
refreshing	mát mẻ
green	xanh lá
next door to	nhà bên cạnh
cold to the touch	lạnh khi chạm
refrigerator	tủ lạnh
to practice	luyện tập
corridor	hành lang
six	sáu
six days	sáu ngày
talk	câu chuyện
to speak	nói chuyện
Ah	a
like that	như thế
to greet	chào
infant	em bé
accessory	phụ kiện
Asia	châu Á
announcer	phát thanh viên
Africa	châu Phi
America	Mỹ
part-time job	việc làm thêm
to tease	trêu
(humble) to receive	nhận (khiêm)
full	đầy
(respectful) to be	ở (tôn kính)
to visit	thăm
a lie	lời nói dối
within	trong
glad	vui mừng
(informal) yes	ừ
escalator	thang cuốn
motorcycle	xe máy
owing to	do
strange or funny	lạ / buồn cười
(respectful) to say	nói (tôn kính)
change from purchase	tiền thối
toy	đồ chơi
rich man	người giàu
calling on someone who is ill	thăm người ốm
festival	lễ hội
congratulation	chúc mừng
young lady	cô gái
(polite) your house	nhà bạn (lịch sự)
souvenir	quà lưu niệm
expression of gratitude	lời cảm ơn
curtain	rèm
petrol	xăng
petrol station	trạm xăng
appearance	vẻ ngoài
to mind	để tâm
a glass pane	tấm kính
surely	chắc chắn
(respectful) to give	cho (tôn kính)
cake	bánh ngọt
to injure	làm bị thương
to quarrel	cãi nhau
this way	phía này
a feast	bữa đãi
the other day	hôm nọ
these days	dạo này
rubbish	rác
(respectful) to see	xem (tôn kính)
after this	sau đây
concert	buổi hòa nhạc
computer	máy tính
knowing	biết
some time ago	lúc nãy
salad	salad
sandal	dép sandal
sandwich	bánh sandwich
the month after next	tháng sau nữa
the week after next	tuần sau nữa
a particular	một cái cụ thể
firmly	chắc chắn
little while	một lúc
hindrance	trở ngại
jam	mứt
extremely	cực kỳ
suit	bộ vest
suitcase	vali
to become empty	trở nên trống
screen	màn hình
completely	hoàn toàn
straight	thẳng
steak	bít tết
stereo	dàn stereo
wonderful	tuyệt vời
pickpocket	kẻ móc túi
then	sau đó
without fail	nhất định
not entirely (used in a negative sentence)	không hẳn (câu phủ định)
really	thật sự
soft	mềm
because of that	vì thế
moreover	hơn nữa
to that extent	đến mức đó
that sort of	kiểu đó
so much	nhiều đến thế
usually	thường
type	loại
so	vậy
occasionally	thỉnh thoảng
no good	không được
to check	kiểm tra
not at all (used with a negative verb)	không ... chút nào
suffix for familiar female person	hậu tố gọi thân mật với nữ
moon	mặt trăng
intention	ý định
text	văn bản
as much as possible	càng nhiều càng tốt
tennis	quần vợt
finally	cuối cùng
barber	thợ cắt tóc
more and more	ngày càng
(respectful) to do	làm (tôn kính)
now I understand	ra là vậy
a smell	mùi
to get wet	bị ướt
price	giá
enthusiasm	nhiệt tình
throat	cổ họng
part time	bán thời gian
it should be so	đáng lẽ vậy
personal computer	máy tính cá nhân
clearly	rõ ràng
handbag	túi xách
piano	đàn piano
beard	râu
to be surprised	ngạc nhiên
awful	tồi tệ
building or bill	tòa nhà / hóa đơn
fax	fax
grapes	nho
present	quà
bell	chuông
extent	mức độ
mostly	phần lớn
to praise	khen
serious	nghiêm túc
first of all	trước hết
or	hoặc
soon	chẳng bao lâu
if	nếu
of course	dĩ nhiên
to receive	nhận
at last	cuối cùng
as I thought	đúng như nghĩ
(respectful) OK	được ạ (tôn kính)
register	đăng ký
report	báo cáo
word processor	máy soạn thảo
relief	an tâm
safety	an toàn
to guide	hướng dẫn
less than	ít hơn
with the exception of	ngoại trừ
more than	hơn
opinion	ý kiến
in order to	để
to move house or transfer	chuyển nhà / chuyển chỗ
medical science	y học
to rear	nuôi
with utmost effort	hết sức
once	một lần
drawer	ngăn kéo
to withdraw	rút
to move house	chuyển nhà
to transport	vận chuyển
to drive	lái xe
driver	tài xế
to exercise	tập thể dục
cloud	mây
way of swimming	cách bơi
distant	xa
to be reserved	dè dặt
to get dirty	bị bẩn
closet	tủ quần áo
one hundred million	một trăm triệu
rooftop	sân thượng
sound	âm thanh
to hang	treo
to get down	xuống
lodging	chỗ trọ
underwear	đồ lót
housewife	nội trợ
science	khoa học
fire	lửa
cherry-blossom viewing	ngắm hoa anh đào
section manager	trưởng phòng
to exceed	vượt quá
meeting	cuộc họp
meeting room	phòng họp
assembly hall or meeting place	hội trường
conversation	hội thoại
to go around	đi vòng
to break	làm vỡ
to be broken	bị vỡ
coast	bờ biển
everybody	mọi người
to open an event	khai mạc
definite	chắc chắn
joy	niềm vui
to enjoy oneself	tận hưởng
to hang something	treo cái gì
rate	tỷ lệ
to slide	trượt
to bite	cắn
to get dry	khô
to grow accustomed to	quen với
female nurse	nữ y tá
simple	đơn giản
a space	khoảng trống
to be in time for	kịp giờ
to make a mistake	mắc lỗi
relationship	quan hệ
danger	nguy hiểm
to be delighted	vui mừng
opportunity	cơ hội
return	sự trở về
spirit	tinh thần
feeling	cảm giác
mood	tâm trạng
steam train	tàu hơi nước
to pray	cầu nguyện
season	mùa
regulations	quy định
to wake	đánh thức
art	nghệ thuật
guest	khách
after a long time	lâu rồi
urgent	khẩn cấp
to hurry	vội
speedy	nhanh
to weep	khóc
competition	cuộc thi
education	giáo dục
church	nhà thờ
an interest	sự quan tâm
mirror	gương
neighbourhood	khu phố
bitter	đắng
condition	tình trạng
air	không khí
airport	sân bay
corner	góc
(informal) You (used by men towards women)	cậu (nam gọi nữ)
shape	hình dạng
scene	cảnh
to experience	trải nghiệm
finance	tài chính
to plan	lập kế hoạch
police	cảnh sát
to go out to meet	ra đón
never	không bao giờ
to decide	quyết định
to be decided	được quyết định
blood	máu
hard	cứng / chăm chỉ
to build	xây
research	nghiên cứu
study room	phòng học
silk	lụa
to be in sight	trong tầm mắt
to be discovered	được phát hiện
to discover	phát hiện
sightseeing	tham quan
cause	nguyên nhân
strict	nghiêm khắc
to break-down	hỏng
lake	hồ
(honorable) your husband	chồng bạn (tôn kính)
traffic	giao thông
to shine	chiếu sáng
government worker	công chức
to face	đối mặt
the manufacturing industry	công nghiệp chế tạo
factory	nhà máy
headmaster	hiệu trưởng
harbour	cảng
to consider	cân nhắc
lecture	bài giảng
auditorium	giảng đường
outskirts	ngoại ô
to start to rain	bắt đầu mưa
high school	trường cấp ba
high school student	học sinh cấp ba
to match	phù hợp
international	quốc tế
to be crowded	đông đúc
tonight	tối nay
(polite) to give	cho (lịch sự)
sand	cát
latest	mới nhất
last	cuối cùng
(humble) wife	vợ (khiêm)
small	nhỏ
slope	dốc
(humble) to go	đi (khiêm)
industry	công nghiệp
to remain	còn lại
disappointment	thất vọng
method	phương pháp
city	thành phố
citizen	công dân
to think	nghĩ
finger	ngón tay
finger ring	nhẫn
to prepare	chuẩn bị
branch	cành / chi nhánh
to stop	dừng
to stop something	dừng cái gì
thread	sợi chỉ
examination	kỳ thi
dentist	nha sĩ
accident	tai nạn
office	văn phòng
to be similar	tương tự
character	ký tự / tính cách
temple	chùa
era	thời đại
to be cured	được chữa khỏi
freedom	tự do
failure	thất bại
to copy or photograph	sao chép / chụp
to throw away	vứt
society	xã hội
company president	giám đốc
to apologize	xin lỗi
lonely	cô đơn
to exchange	đổi
glove	găng tay
to assist	hỗ trợ
hobby	sở thích
neck	cổ
to take a lesson or test	học / thi
receipt	biên lai
surroundings	xung quanh
to pick up	nhặt
the end	kết thúc
custom	phong tục
ship	tàu thuyền
to collect something	thu thập
to gather	tụ họp
an address	địa chỉ
enough	đủ
judo	judo
to attend	tham dự
to depart	xuất phát
to win	thắng
(polite) to eat	ăn (lịch sự)
future	tương lai
elementary school	trường tiểu học
novel	tiểu thuyết
small bird	chim nhỏ
to consent	đồng ý
to invite	mời
eraser	cục tẩy
to bake	nướng
to burn	đốt / cháy
to laugh	cười
introduction	giới thiệu
to rise	tăng / lên
to change between buses or trains	chuyển tuyến
vehicle	phương tiện
situation	tình huống
location	vị trí
Japanese straw mat	chiếu tatami
to decorate	trang trí
to plant	trồng
to touch	chạm
to have a meal	ăn cơm
groceries	thực phẩm
sleeping in late	ngủ nướng
core	lõi / cốt lõi
to worry	lo
newspaper company	tòa soạn báo
forest	rừng
deep	sâu
(humble) to say	nói (khiêm)
(humble) to be called	được gọi (khiêm)
Shinto shrine	đền Shinto
parents	bố mẹ
kindness	lòng tốt
to make progress	tiến bộ
doll	búp bê
population	dân số
swimming	bơi lội
water supply	cấp nước
mathematics	toán học
the world	thế giới
to look after	chăm sóc
terrific	tuyệt
politics	chính trị
star	ngôi sao
correct	đúng
to live	sống
to produce	sản xuất
popularity	độ nổi tiếng
western countries	các nước phương Tây
seat	chỗ ngồi
olden days	ngày xưa
stone	đá
baby	em bé
to break or to fold	bẻ / gấp
to break or be folded	bị gãy / bị gấp
explanation	giải thích
senior	đàn anh
war	chiến tranh
shallow	nông
line	đường / hàng
to choose	chọn
to become thin	gầy đi
to discuss	thảo luận
grass	cỏ
to send	gửi
to make noise	làm ồn
to increase	tăng
gift	quà
(humble) son	con trai (khiêm)
to add a number	cộng
to be enough	đủ
to be continued	được tiếp tục
to continue	tiếp tục
graduation	tốt nghiệp
to become fat	béo lên
to hit	đánh
to leave hospital	xuất viện
substitute	thay thế
typhoon	bão
university student	sinh viên
generally	nói chung
greatly	rất / lớn
shelves	kệ
to look for	tìm
heating	sưởi
male	nam
to notify	thông báo
earthquake	động đất
geography	địa lý
embarrassed	xấu hổ
(humble) to do	làm (khiêm)
to be late	trễ
kimono	kimono
considerably	khá
junior high school	trường cấp hai
daytime	ban ngày
noon break	giờ nghỉ trưa
caution	chú ý
injection	mũi tiêm
insect	côn trùng
parking lot	bãi đỗ xe
polite	lịch sự
to investigate	điều tra
to fix	sửa
to be fixed	được sửa
rare	hiếm
to commute	đi làm / đi học
to go through	đi xuyên
to soak	ngâm
to fish	câu cá
thief	kẻ trộm
suitability	sự phù hợp
weather forecast	dự báo thời tiết
exhibition	triển lãm
shop assistant	nhân viên cửa hàng
point	điểm
to report	báo cáo
countryside	nông thôn
electric light	đèn điện
telegram	điện tín
to paint	sơn / vẽ
on the way	trên đường
metropolitan	thuộc đô thị
circumstances	hoàn cảnh
to get angry	tức giận
to break down	hỏng
island	đảo
to throw or cast away	ném đi
to steal	ăn cắp
hot water	nước nóng
response	phản hồi
to step on	giẫm
to escape	trốn
to move	di chuyển
zoo	sở thú
tool	dụng cụ
particularly	đặc biệt
limited express train (faster than an express train)	tàu tốc hành
special	đặc biệt
to reach	đạt tới
two storied	hai tầng
day	ngày
journal	nhật ký / tạp chí
to hospitalise	nhập viện
to enter school or university	nhập học
fever	sốt
(humble) to look at	nhìn (khiêm)
back of the body	lưng
double	gấp đôi
place where things are sold	nơi bán hàng
to lodge at	trọ tại
pronunciation	cách phát âm
hair	tóc
opposition	sự phản đối
television or radio program	chương trình TV/radio
he	anh ấy
they	họ
she	cô ấy
sad	buồn
to compare	so sánh
beautiful	đẹp
art gallery	phòng trưng bày
certainly	chắc chắn
necessary	cần thiết
the front	phía trước
goods	hàng hóa
inconvenience	bất tiện
to be attached	được gắn
husband	chồng
Japanese bedding	futon
frightening	đáng sợ
to lose	thua / mất
head of a section	trưởng bộ phận
revision	sửa đổi
complexity	sự phức tạp
to pay	trả tiền
to boil	đun sôi
culture	văn hóa
literature	văn học
grammar	ngữ pháp
to be heard	được nghe
uncooked rice	gạo
wall	tường
different	khác
to separate	tách
strange	lạ
to change	thay đổi
to tidy up	dọn dẹp
reply	hồi đáp
to seize	nắm
to get dark	trời tối
to wrap	gói
to broadcast	phát sóng
law	luật
lost article	đồ thất lạc
trade	thương mại
I (used by males)	tôi (nam dùng)
translation	bản dịch
comic	truyện tranh
flavour	hương vị
bean paste	tương miso
sleepy	buồn ngủ
to sleep	ngủ
dream	giấc mơ
impossible	không thể
(humble) daughter	con gái (khiêm)
to sound	kêu
hair or fur	tóc / lông
cotton	bông
to turn back	quay lại
to be helpful	hữu ích
promise	lời hứa
to export	xuất khẩu
to import	nhập khẩu
play	trò chơi
preparation for a lesson	chuẩn bị bài
arrangement	sắp xếp
reservation	đặt chỗ
to shake	lắc
use	sử dụng
preparation	chuẩn bị
things to do	việc cần làm
leaf	lá
a dance	điệu nhảy
to dance	nhảy
to drop	làm rơi
to fall or drop	rơi
utilization	việc sử dụng
reason	lý do
reverse side	mặt trái
to stand something up	dựng lên
absence	vắng mặt
Japanese hotel	nhà trọ Nhật
both sides	cả hai phía
strength	sức mạnh
woods	rừng cây
for example	ví dụ
to grow cold	lạnh đi
air conditioning	điều hòa
history	lịch sử
to lead	dẫn dắt
contact	liên lạc
arm	cánh tay
# extra n3-n1 high-frequency glosses
plan	kế hoạch
duty	nhiệm vụ
agreement	thỏa thuận
request	yêu cầu
situation	tình hình
intention	ý định
appearance	vẻ ngoài / sự xuất hiện
union	liên minh
perhaps	có lẽ
suddenly	đột nhiên
section	mục / khu
entirely	hoàn toàn
training	đào tạo
discussion	thảo luận
practice	luyện tập
order	thứ tự / đơn hàng
truth	sự thật
to stop	dừng
here and there	đây đó
anyhow	dù sao
system	hệ thống
side	phía
change	thay đổi
to hang	treo
therefore	do đó
to finish	kết thúc
each	mỗi
value	giá trị
report	báo cáo
management	quản lý
simplicity	sự đơn giản
at once	ngay lập tức
passage	đoạn văn / lối đi
subject	chủ đề
to burn	đốt
interview	phỏng vấn
course	khóa học
absurd	vô lý
to be mixed	bị trộn
combination	sự kết hợp
example	ví dụ
regulation	quy định
confrontation	đối đầu
establishment	thành lập
arrangement	sắp xếp
mutual	lẫn nhau
poor	nghèo / kém
lovely	đáng yêu
group	nhóm
however	tuy nhiên
chance	cơ hội
love	tình yêu
information	thông tin
to change	thay đổi
to remove	tháo / bỏ
difference	sự khác biệt
moment	khoảnh khắc
resolution	nghị quyết / quyết tâm
action	hành động
foundation	nền tảng
to shine	tỏa sáng
idea	ý tưởng
possibly	có thể
must not do	không được làm
wrong	sai
not good	không tốt
tease	trêu
market	chợ / thị trường
sometime	lúc nào đó
someday	một ngày nào đó
one day	một ngày
never	không bao giờ
forever	mãi mãi
welcome	chào mừng
unfortunately	thật đáng tiếc
sorry	xin lỗi
every	mỗi
trace	dấu vết
tracks	đường ray / dấu
remains	di tích
ruins	tàn tích
scar	sẹo
album	album
remainder	phần còn lại
ice cream	kem
iron	bàn ủi / sắt
out	ra ngoài
ink	mực
whisky	rượu whisky
to groan	rên
loud	to
fussy	kỹ tính
irritation	sự khó chịu
nervous	căng thẳng
so-called	cái gọi là
so to speak	nói cách khác
to that degree	đến mức đó
not much	không nhiều
expression of gratitude before meals	lời cảm ơn trước bữa ăn
at all times	luôn luôn
indefinitely	vô thời hạn
every time	mỗi lần
getting nervous	căng thẳng
to moan	rên rỉ
gargle	súc miệng
rinse mouth	súc miệng
fair	hội chợ / công bằng
as long as one likes	bao lâu tùy thích
eternally	vĩnh viễn
for good	vĩnh viễn
never (neg)	không bao giờ
never (with neg. verb)	không bao giờ (câu phủ định)
(at) any time	bất cứ lúc nào
TODO same as いいえ?	không
(conj	liên từ
exp	biểu hiện
int) thank you	cảm ơn
(1) trace	dấu vết
(2) remains	di tích
(3) scar	sẹo
ah!	a
oh!	ồ
but....	nhưng
(electric) iron	bàn ủi điện
well	nào / tốt
business	công việc / kinh doanh
now	bây giờ
all	tất cả
work	công việc
class	lớp / hạng
woman	phụ nữ
before	trước
use	sử dụng
rest	nghỉ ngơi
good	tốt
to pass	đi qua / đỗ
to unfasten	cởi
to be mixed	bị lẫn
interview	phỏng vấn
establishment	cơ sở / thành lập
discussion	thảo luận
confrontation	đối đầu
regulation	quy định
example	ví dụ
combination	kết hợp
absurd	vô lý
course	khóa / đường đi
subject	chủ đề / môn
passage	đoạn / lối
simplicity	giản dị
management	quản lý
value	giá trị
each	mỗi
therefore	do đó
noisy	ồn
well	thôi / nào
truth	sự thật
to stop	dừng lại
practice	thực hành
order	thứ tự
plan	kế hoạch
duty	bổn phận
agreement	thỏa thuận
request	yêu cầu
section	phần
entirely	toàn bộ
training	huấn luyện
perhaps	có lẽ
suddenly	bỗng
union	công đoàn / liên minh
appearance	dáng vẻ
intention	ý định
situation	tình hình
to boil	luộc / sôi
to hang	móc
system	hệ thống
side	bên
area	khu
change	thay đổi
meeting	cuộc họp
anyhow	dù sao đi nữa
and	và
or	hoặc
here and there	chỗ này chỗ kia
ice cream	kem
unfortunately	tiếc là
sorry	xin lỗi
out	ra
every	mọi
possibly	có khả năng
album	tập ảnh
remainder	phần dư
wrong	sai trái
tease	trêu chọc
market	thị trường
sometime	khi nào đó
someday	một ngày nào
forever	mãi
welcome	hoan nghênh
loud	ầm ĩ
fussy	kén chọn
nervous	lo lắng
idea	ý
policy	chính sách
theory	lý thuyết
principle	nguyên tắc
standard	tiêu chuẩn
quality	chất lượng
quantity	số lượng
average	trung bình
majority	đa số
minority	thiểu số
individual	cá nhân
public	công cộng
private	riêng tư
official	chính thức
unofficial	không chính thức
legal	hợp pháp
illegal	bất hợp pháp
normal	bình thường
abnormal	bất thường
positive	tích cực
negative	tiêu cực
relative	tương đối
absolute	tuyệt đối
temporary	tạm thời
permanent	vĩnh viễn
frequent	thường xuyên
rare	hiếm
common	phổ biến
unique	độc đáo
similar	tương tự
opposite	đối lập
equal	bằng
unequal	không bằng
increase	tăng
decrease	giảm
progress	tiến bộ
decline	suy giảm
success	thành công
failure	thất bại
advantage	lợi thế
disadvantage	bất lợi
profit	lợi nhuận
loss	thiệt hại
income	thu nhập
expense	chi phí
salary	lương
tax	thuế
budget	ngân sách
debt	nợ
loan	khoản vay
investment	đầu tư
stock	cổ phiếu
company	công ty
factory	nhà máy
product	sản phẩm
consumer	người tiêu dùng
customer	khách hàng
employee	nhân viên
employer	người sử dụng lao động
unemployment	thất nghiệp
retirement	nghỉ hưu
promotion	thăng chức
application	đơn xin / ứng dụng
document	tài liệu
signature	chữ ký
permission	sự cho phép
prohibition	sự cấm
obligation	nghĩa vụ
right	quyền / đúng
duty	nghĩa vụ
responsibility	trách nhiệm
authority	thẩm quyền
government	chính phủ
nation	quốc gia
citizen	công dân
election	bầu cử
vote	phiếu bầu
candidate	ứng cử viên
party	đảng / buổi tiệc
policy	chính sách
reform	cải cách
revolution	cách mạng
peace	hòa bình
war	chiến tranh
army	quân đội
weapon	vũ khí
crime	tội phạm
punishment	hình phạt
trial	phiên tòa
judge	thẩm phán
lawyer	luật sư
evidence	bằng chứng
victim	nạn nhân
witness	nhân chứng
environment	môi trường
pollution	ô nhiễm
nature	thiên nhiên
resource	tài nguyên
energy	năng lượng
climate	khí hậu
temperature	nhiệt độ
pressure	áp suất
experiment	thí nghiệm
discovery	phát hiện
invention	phát minh
technology	công nghệ
machine	máy móc
equipment	thiết bị
material	vật liệu
structure	cấu trúc
function	chức năng
effect	hiệu ứng / ảnh hưởng
influence	ảnh hưởng
cause	nguyên nhân
result	kết quả
purpose	mục đích
method	phương pháp
process	quá trình
stage	giai đoạn
level	cấp độ
degree	mức độ / bằng cấp
amount	số lượng
number	số
rate	tỷ lệ
ratio	tỉ số
percent	phần trăm
total	tổng
average	trung bình
maximum	tối đa
minimum	tối thiểu
limit	giới hạn
range	phạm vi
scale	quy mô
size	kích thước
weight	trọng lượng
speed	tốc độ
distance	khoảng cách
direction	hướng
position	vị trí
location	địa điểm
region	vùng
district	quận
capital	thủ đô
border	biên giới
population	dân số
generation	thế hệ
age	tuổi / thời đại
gender	giới tính
marriage	hôn nhân
divorce	ly hôn
birth	sự sinh
death	cái chết
life	cuộc sống
health	sức khỏe
disease	bệnh tật
treatment	điều trị
surgery	phẫu thuật
patient	bệnh nhân
doctor	bác sĩ
nurse	y tá
hospital	bệnh viện
clinic	phòng khám
medicine	thuốc
symptom	triệu chứng
prevention	phòng ngừa
nutrition	dinh dưỡng
exercise	tập luyện
habit	thói quen
attitude	thái độ
emotion	cảm xúc
feeling	cảm giác
mind	tâm trí
memory	trí nhớ
attention	sự chú ý
interest	sự quan tâm
will	ý chí
hope	hy vọng
fear	nỗi sợ
anger	cơn giận
joy	niềm vui
sorrow	nỗi buồn
love	tình yêu
hate	sự ghét
trust	lòng tin
doubt	sự nghi ngờ
courage	dũng khí
effort	nỗ lực
patience	sự kiên nhẫn
honesty	sự trung thực
kindness	lòng tốt
politeness	sự lịch sự
respect	sự tôn trọng
pride	niềm tự hào
shame	xấu hổ
confidence	sự tự tin
anxiety	lo âu
stress	căng thẳng
relief	sự nhẹ nhõm
satisfaction	sự hài lòng
disappointment	thất vọng
surprise	sự ngạc nhiên
curiosity	sự tò mò
imagination	trí tưởng tượng
creativity	sự sáng tạo
intelligence	trí tuệ
ability	khả năng
skill	kỹ năng
talent	tài năng
knowledge	kiến thức
wisdom	trí tuệ
experience	kinh nghiệm
education	giáo dục
learning	sự học
teaching	sự dạy
research	nghiên cứu
study	nghiên cứu / học
theory	lý thuyết
fact	sự thật
data	dữ liệu
analysis	phân tích
conclusion	kết luận
opinion	ý kiến
argument	lập luận
debate	tranh luận
criticism	phê bình
praise	lời khen
advice	lời khuyên
suggestion	đề xuất
proposal	đề nghị
decision	quyết định
choice	sự lựa chọn
judgment	phán đoán
mistake	sai lầm
correction	sửa chữa
improvement	cải thiện
development	phát triển
growth	sự tăng trưởng
change	thay đổi
reform	cải cách
innovation	đổi mới
tradition	truyền thống
custom	phong tục
culture	văn hóa
religion	tôn giáo
belief	niềm tin
ceremony	nghi lễ
festival	lễ hội
art	nghệ thuật
music	âm nhạc
literature	văn học
poetry	thơ
novel	tiểu thuyết
film	phim
theater	nhà hát
sports	thể thao
game	trò chơi
hobby	sở thích
travel	du lịch
vacation	kỳ nghỉ
leisure	thời gian rảnh
entertainment	giải trí
communication	giao tiếp
language	ngôn ngữ
conversation	hội thoại
speech	bài phát biểu
expression	cách diễn đạt
meaning	ý nghĩa
translation	dịch
media	truyền thông
newspaper	báo
magazine	tạp chí
broadcast	phát sóng
internet	mạng
computer	máy tính
software	phần mềm
hardware	phần cứng
data	dữ liệu
file	tệp
password	mật khẩu
account	tài khoản
network	mạng lưới
security	an ninh
privacy	riêng tư
risk	rủi ro
danger	nguy hiểm
safety	an toàn
accident	tai nạn
disaster	thảm họa
emergency	tình huống khẩn cấp
rescue	cứu hộ
help	sự giúp đỡ
support	hỗ trợ
cooperation	hợp tác
competition	cạnh tranh
conflict	xung đột
peace	hòa bình
harmony	hòa hợp
balance	cân bằng
stability	ổn định
crisis	khủng hoảng
solution	giải pháp
problem	vấn đề
issue	vấn đề
question	câu hỏi
answer	câu trả lời
explanation	giải thích
definition	định nghĩa
example	ví dụ
exception	ngoại lệ
rule	quy tắc
law	luật
principle	nguyên lý
standard	tiêu chuẩn
condition	điều kiện
requirement	yêu cầu
restriction	hạn chế
freedom	tự do
equality	bình đẳng
justice	công lý
human rights	nhân quyền
democracy	dân chủ
society	xã hội
community	cộng đồng
family	gia đình
friendship	tình bạn
relationship	mối quan hệ
role	vai trò
status	địa vị
identity	bản sắc
personality	tính cách
behavior	hành vi
action	hành động
activity	hoạt động
event	sự kiện
occasion	dịp
opportunity	cơ hội
challenge	thách thức
goal	mục tiêu
purpose	mục đích
plan	kế hoạch
strategy	chiến lược
schedule	lịch trình
deadline	hạn chót
priority	ưu tiên
task	nhiệm vụ
project	dự án
result	kết quả
achievement	thành tựu
contribution	đóng góp
influence	ảnh hưởng
impact	tác động
effect	hiệu quả
benefit	lợi ích
harm	tác hại
damage	thiệt hại
loss	mất mát
gain	thu được
success	thành công
failure	thất bại
effort	nỗ lực
attempt	nỗ lực thử
trial	thử nghiệm
test	bài kiểm tra
exam	kỳ thi
score	điểm số
grade	điểm / khối
level	cấp
rank	hạng
title	chức danh / tiêu đề
name	tên
word	từ
sentence	câu
paragraph	đoạn
chapter	chương
article	bài viết
book	sách
page	trang
letter	thư / chữ cái
note	ghi chú
message	tin nhắn
notice	thông báo
announcement	thông cáo
news	tin tức
rumor	tin đồn
truth	sự thật
lie	lời nói dối
secret	bí mật
topic	chủ đề
theme	chủ đề
content	nội dung
detail	chi tiết
summary	tóm tắt
outline	dàn ý
point	điểm
view	quan điểm
perspective	góc nhìn
attitude	thái độ
position	lập trường
stance	lập trường
claim	tuyên bố
statement	phát biểu
remark	nhận xét
comment	bình luận
feedback	phản hồi
review	đánh giá
evaluation	đánh giá
assessment	thẩm định
analysis	phân tích
research	nghiên cứu
survey	khảo sát
statistics	thống kê
percentage	tỷ lệ phần trăm
majority	đa số
minority	thiểu số
trend	xu hướng
pattern	khuôn mẫu
feature	đặc điểm
characteristic	đặc trưng
property	tính chất / tài sản
attribute	thuộc tính
aspect	khía cạnh
element	yếu tố
factor	nhân tố
component	thành phần
part	phần
whole	toàn bộ
unit	đơn vị
set	tập hợp
pair	cặp
series	chuỗi
list	danh sách
collection	bộ sưu tập
group	nhóm
team	đội
organization	tổ chức
institution	cơ chế / học viện
agency	cơ quan
department	phòng ban
section	bộ phận
branch	chi nhánh
headquarters	trụ sở
office	văn phòng
staff	nhân viên
member	thành viên
leader	lãnh đạo
manager	quản lý
director	giám đốc
president	chủ tịch
representative	đại diện
expert	chuyên gia
specialist	chuyên viên
professional	chuyên nghiệp
amateur	nghiệp dư
beginner	người mới
advanced	nâng cao
basic	cơ bản
complex	phức tạp
simple	đơn giản
clear	rõ
vague	mơ hồ
obvious	rõ ràng
hidden	ẩn
visible	nhìn thấy được
invisible	không nhìn thấy
possible	có thể
impossible	không thể
probable	có khả năng
certain	chắc chắn
uncertain	không chắc
necessary	cần thiết
unnecessary	không cần
important	quan trọng
trivial	tầm thường
serious	nghiêm trọng
slight	nhẹ
severe	nghiêm trọng
mild	nhẹ
strong	mạnh
weak	yếu
hard	khó / cứng
soft	mềm
tight	chặt
loose	lỏng
thick	dày
thin	mỏng
wide	rộng
narrow	hẹp
deep	sâu
shallow	nông
high	cao
low	thấp
long	dài
short	ngắn
large	lớn
small	nhỏ
huge	khổng lồ
tiny	bé xíu
heavy	nặng
light	nhẹ
fast	nhanh
slow	chậm
early	sớm
late	muộn
old	cũ / già
new	mới
young	trẻ
ancient	cổ xưa
modern	hiện đại
traditional	truyền thống
recent	gần đây
current	hiện tại
former	trước đây
future	tương lai
past	quá khứ
present	hiện tại
daily	hàng ngày
weekly	hàng tuần
monthly	hàng tháng
annual	hàng năm
regular	thường xuyên
irregular	không đều
occasional	thỉnh thoảng
constant	liên tục
sudden	đột ngột
gradual	dần dần
immediate	ngay lập tức
eventual	cuối cùng
previous	trước đó
following	tiếp theo
next	kế tiếp
last	cuối / trước
first	đầu tiên
final	cuối cùng
initial	ban đầu
original	gốc
copy	bản sao
fake	giả
real	thật
true	đúng
false	sai
correct	chính xác
incorrect	không chính xác
accurate	chính xác
rough	xấp xỉ / thô
exact	chính xác
approximate	xấp xỉ
complete	hoàn chỉnh
incomplete	chưa hoàn chỉnh
whole	toàn bộ
partial	một phần
total	tổng cộng
empty	trống
full	đầy
open	mở
closed	đóng
free	tự do / miễn phí
busy	bận
available	có sẵn
occupied	đang bị chiếm
vacant	còn trống
ready	sẵn sàng
unprepared	chưa chuẩn bị
able	có khả năng
unable	không thể
willing	sẵn lòng
reluctant	miễn cưỡng
eager	háo hức
lazy	lười
active	năng động
passive	thụ động
positive	tích cực
negative	tiêu cực
optimistic	lạc quan
pessimistic	bi quan
happy	vui
sad	buồn
angry	tức
afraid	sợ
calm	bình tĩnh
excited	hào hứng
bored	chán
interested	hứng thú
tired	mệt
energetic	tràn năng lượng
healthy	khỏe
sick	ốm
dead	chết
alive	còn sống
human	con người
natural	tự nhiên
artificial	nhân tạo
physical	thể chất
mental	tinh thần
emotional	cảm xúc
social	xã hội
political	chính trị
economic	kinh tế
cultural	văn hóa
historical	lịch sử
scientific	khoa học
technical	kỹ thuật
practical	thực tế
theoretical	lý thuyết
academic	học thuật
official	chính thức
personal	cá nhân
public	công cộng
domestic	trong nước
foreign	nước ngoài
international	quốc tế
global	toàn cầu
local	địa phương
national	quốc gia
regional	khu vực
urban	đô thị
rural	nông thôn
industrial	công nghiệp
agricultural	nông nghiệp
commercial	thương mại
financial	tài chính
legal	pháp lý
medical	y tế
educational	giáo dục
environmental	môi trường
to consider	cân nhắc
to include	bao gồm
to exclude	loại trừ
to consist	bao gồm
to contain	chứa
to provide	cung cấp
to obtain	có được
to maintain	duy trì
to establish	thành lập
to develop	phát triển
to improve	cải thiện
to reduce	giảm
to increase	tăng
to prevent	ngăn chặn
to protect	bảo vệ
to destroy	phá hủy
to create	tạo ra
to produce	sản xuất
to consume	tiêu thụ
to require	đòi hỏi
to allow	cho phép
to forbid	cấm
to force	bắt buộc
to encourage	khuyến khích
to avoid	tránh
to depend	phụ thuộc
to relate	liên quan
to represent	đại diện
to indicate	chỉ ra
to suggest	gợi ý
to imply	ám chỉ
to express	bày tỏ
to describe	miêu tả
to explain	giải thích
to define	định nghĩa
to prove	chứng minh
to assume	giả định
to expect	mong đợi
to hope	hy vọng
to fear	sợ
to doubt	nghi ngờ
to believe	tin
to realize	nhận ra
to recognize	công nhận
to notice	để ý
to observe	quan sát
to examine	xem xét
to investigate	điều tra
to analyze	phân tích
to evaluate	đánh giá
to judge	phán đoán
to decide	quyết định
to choose	chọn
to prefer	thích hơn
to refuse	từ chối
to accept	chấp nhận
to agree	đồng ý
to disagree	không đồng ý
to argue	tranh luận
to discuss	thảo luận
to mention	đề cập
to refer	tham chiếu
to quote	trích dẫn
to publish	xuất bản
to announce	công bố
to declare	tuyên bố
to claim	khẳng định
to insist	nài nỉ / khăng khăng
to demand	đòi hỏi
to request	yêu cầu
to order	ra lệnh / đặt
to command	chỉ huy
to control	kiểm soát
to manage	quản lý
to organize	tổ chức
to arrange	sắp xếp
to prepare	chuẩn bị
to perform	thực hiện
to achieve	đạt được
to fail	thất bại
to succeed	thành công
to attempt	cố gắng
to try	thử
to continue	tiếp tục
to stop	dừng
to start	bắt đầu
to finish	kết thúc
to delay	trì hoãn
to postpone	hoãn
to cancel	hủy
to replace	thay thế
to repair	sửa
to break	làm hỏng
to damage	làm hư
to injure	làm bị thương
to heal	chữa lành
to save	cứu / tiết kiệm
to waste	lãng phí
to spend	chi tiêu
to earn	kiếm
to pay	trả
to borrow	mượn
to lend	cho mượn
to invest	đầu tư
to tax	đánh thuế
to elect	bầu
to vote	bỏ phiếu
to govern	cai trị
to rule	cai trị
to obey	tuân theo
to violate	vi phạm
to punish	trừng phạt
to arrest	bắt
to release	thả
to escape	trốn
to hide	trốn / giấu
to reveal	tiết lộ
to conceal	che giấu
to search	tìm kiếm
to find	tìm thấy
to lose	mất
to keep	giữ
to hold	cầm
to carry	mang
to send	gửi
to receive	nhận
to deliver	giao
to collect	thu thập
to gather	tụ họp
to separate	tách
to connect	kết nối
to combine	kết hợp
to mix	trộn
to divide	chia
to share	chia sẻ
to join	tham gia
to leave	rời
to enter	vào
to exit	ra
to return	trở về
to remain	còn lại
to exist	tồn tại
to occur	xảy ra
to happen	xảy ra
to cause	gây ra
to result	dẫn đến
to affect	ảnh hưởng
to influence	tác động
to contribute	đóng góp
to participate	tham gia
to attend	tham dự
to belong	thuộc về
to own	sở hữu
to possess	sở hữu
to lack	thiếu
to need	cần
to want	muốn
to wish	ước
to intend	dự định
to plan	lên kế hoạch
to design	thiết kế
to invent	phát minh
to discover	phát hiện
to explore	khám phá
to research	nghiên cứu
to study	học
to learn	học được
to teach	dạy
to train	đào tạo
to practice	luyện
to review	ôn
to memorize	ghi nhớ
to forget	quên
to remember	nhớ
to understand	hiểu
to misunderstand	hiểu nhầm
to know	biết
to ignore	phớt lờ
to notice	nhận thấy
to focus	tập trung
to concentrate	tập trung
to distract	làm phân tâm
to confuse	gây nhầm lẫn
to clarify	làm rõ
to summarize	tóm tắt
to translate	dịch
to interpret	phiên dịch / giải thích
to communicate	giao tiếp
to speak	nói
to talk	nói chuyện
to whisper	thì thầm
to shout	hét
to cry	khóc
to laugh	cười
to smile	mỉm cười
to greet	chào
to thank	cảm ơn
to apologize	xin lỗi
to congratulate	chúc mừng
to invite	mời
to welcome	chào đón
to introduce	giới thiệu
to recommend	giới thiệu / khuyên
to warn	cảnh báo
to threaten	đe dọa
to promise	hứa
to swear	thề
to complain	phàn nàn
to praise	khen
to criticize	phê bình
to blame	đổ lỗi
to forgive	tha thứ
to trust	tin tưởng
to betray	phản bội
to help	giúp
to support	ủng hộ
to oppose	phản đối
to fight	đánh nhau
to attack	tấn công
to defend	bảo vệ
to protect	bảo vệ
to rescue	cứu
to injure	làm bị thương
to kill	giết
to die	chết
to live	sống
to survive	sống sót
to grow	lớn lên
to age	già đi
to marry	kết hôn
to divorce	ly hôn
to raise	nuôi
to adopt	nhận nuôi
to inherit	thừa kế
to retire	nghỉ hưu
to hire	thuê
to fire	sa thải
to resign	từ chức
to apply	nộp đơn / áp dụng
to employ	tuyển dụng
to work	làm việc
to commute	đi làm
to overtime	làm thêm giờ
to rest	nghỉ
to sleep	ngủ
to wake	thức
to eat	ăn
to drink	uống
to cook	nấu
to taste	nếm
to smell	ngửi
to touch	chạm
to see	thấy
to look	nhìn
to watch	xem
to listen	lắng nghe
to hear	nghe
to feel	cảm thấy
to seem	dường như
to appear	xuất hiện
to disappear	biến mất
to show	cho xem
to hide	giấu
to open	mở
to close	đóng
to lock	khóa
to unlock	mở khóa
to turn	quay
to push	đẩy
to pull	kéo
to lift	nâng
to drop	thả rơi
to throw	ném
to catch	bắt
to hit	đánh
to kick	đá
to cut	cắt
to break	làm vỡ
to fix	sửa
to clean	dọn
to wash	rửa
to dry	làm khô
to wet	làm ướt
to fill	làm đầy
to empty	làm trống
to pour	rót
to mix	trộn
to boil	đun
to fry	rán
to bake	nướng
to steam	hấp
to freeze	đông lạnh
to melt	tan
to burn	đốt
to shine	chiếu
to rain	mưa
to snow	tuyết rơi
to blow	thổi
to flow	chảy
to sink	chìm
to float	nổi
to fly	bay
to swim	bơi
to walk	đi bộ
to run	chạy
to jump	nhảy
to climb	leo
to fall	ngã / rơi
to sit	ngồi
to stand	đứng
to lie	nằm
to bow	cúi chào
to wave	vẫy
to point	chỉ
to nod	gật
to shake	lắc
to hug	ôm
to kiss	hôn
to hold	ôm / cầm
to carry	mang
to wear	mặc
to take off	cởi
to put on	mặc vào
to dress	mặc quần áo
to undress	cởi quần áo
to pack	đóng gói
to unpack	mở đồ
to travel	du lịch
to depart	khởi hành
to arrive	đến
to board	lên tàu
to get off	xuống
to transfer	chuyển
to miss	lỡ / nhớ
to delay	trễ
to cancel	hủy
to reserve	đặt trước
to book	đặt
to check in	làm thủ tục
to check out	trả phòng
to stay	ở lại
to visit	thăm
to tour	tham quan
to guide	hướng dẫn
to lose one's way	lạc đường
to ask the way	hỏi đường
well	tốt / nào
perhaps	có lẽ
anyway	dù sao
meanwhile	trong lúc đó
therefore	do đó
however	tuy nhiên
moreover	hơn nữa
otherwise	nếu không
instead	thay vào đó
besides	ngoài ra
although	mặc dù
unless	trừ khi
until	cho đến khi
since	kể từ khi
while	trong khi
during	trong suốt
after	sau
before	trước
among	trong số
between	giữa
through	xuyên qua
toward	hướng tới
against	chống lại
according	theo
despite	bất chấp
regarding	về
concerning	liên quan đến
including	bao gồm
excluding	không kể
except	ngoại trừ
beyond	vượt quá
within	trong phạm vi
without	không có
via	qua
per	mỗi
versus	so với
etc	vân vân
i.e.	tức là
e.g.	ví dụ
namely	cụ thể là
especially	đặc biệt là
particularly	đặc biệt
mainly	chủ yếu
mostly	phần lớn
partly	một phần
almost	gần như
nearly	gần như
about	khoảng
around	xung quanh
approximately	xấp xỉ
exactly	chính xác
just	chỉ / vừa
only	chỉ
even	thậm chí
also	cũng
too	cũng
either	cũng (phủ định)
neither	cũng không
both	cả hai
all	tất cả
every	mỗi
each	từng
any	bất kỳ
some	một số
several	vài
many	nhiều
much	nhiều
few	ít
little	ít
more	nhiều hơn
less	ít hơn
most	nhiều nhất
least	ít nhất
enough	đủ
too much	quá nhiều
so	vậy / đến nỗi
such	như vậy
quite	khá
rather	khá
pretty	khá
very	rất
extremely	cực kỳ
highly	rất
deeply	sâu sắc
slightly	hơi
somewhat	phần nào
hardly	hầu như không
barely	vừa đủ
scarcely	hiếm khi
seldom	hiếm khi
rarely	hiếm
often	thường
usually	thường thường
normally	bình thường
generally	nói chung
typically	điển hình
always	luôn
never	không bao giờ
sometimes	thỉnh thoảng
occasionally	thỉnh thoảng
frequently	thường xuyên
constantly	liên tục
suddenly	đột nhiên
gradually	dần dần
immediately	ngay
eventually	cuối cùng
finally	cuối cùng
recently	gần đây
currently	hiện nay
previously	trước đây
formerly	trước kia
later	sau này
soon	sớm
already	đã
still	vẫn
yet	vẫn chưa
again	lại
once	một lần
twice	hai lần
ago	trước đây
hence	do đó
thus	như vậy
therefore	vì vậy
accordingly	theo đó
consequently	do đó
nevertheless	dù vậy
nonetheless	dù vậy
meanwhile	đồng thời
furthermore	hơn nữa
additionally	thêm vào đó
similarly	tương tự
likewise	cũng vậy
instead	thay vì
rather	thà là
whether	liệu
whereas	trong khi
whereby	nhờ đó
thereby	nhờ đó
thereafter	sau đó
 heretofore	cho đến nay
hitherto	cho đến nay
albeit	dù
lest	kẻo
insofar	trong chừng mực
inasmuch	vì
viz	tức là
cf	so sánh
nb	lưu ý
ps	tái bút
vs	so với
approx	xấp xỉ
max	tối đa
min	tối thiểu
avg	trung bình
qty	số lượng
amt	số tiền
no.	số
vol	tập
ed	tái bản
rev	sửa đổi
fig	hình
tab	bảng
ref	tham chiếu
src	nguồn
dst	đích
org	tổ chức
gov	chính phủ
edu	giáo dục
com	thương mại
net	mạng
info	thông tin
id	danh tính
ok	được
ng	không tốt
yes	có
no	không
maybe	có lẽ
please	xin hãy
thanks	cảm ơn
sorry	xin lỗi
hello	xin chào
goodbye	tạm biệt
excuse me	xin lỗi
congratulations	chúc mừng
good luck	chúc may mắn
take care	bảo trọng
see you	hẹn gặp lại
welcome	hoan nghênh
how many	bao nhiêu
how old	bao nhiêu tuổi
how much	bao nhiêu tiền
in what way	bằng cách nào
exercise book	vở bài tập
the rest	phần còn lại
older brother	anh trai
older sister	chị gái
younger sister	em gái
younger brother	em trai
father	bố
mother	mẹ
wife	vợ
husband	chồng
to shower	tắm
to bathe	tắm
soap	xà phòng
stature	tầm vóc
matter	việc
engine	động cơ
card	thẻ
precisely	chính xác
captain	đội trưởng
camp	trại
classic	cổ điển
cream	kem
christmas	Giáng sinh
case	trường hợp
miser	keo kiệt
coach	huấn luyện viên
accelerator	bàn đạp ga
showy	lòe loẹt
to sneer at	chế nhạo
easily	dễ dàng
up	lên
approach	tiếp cận
approach (in golf)	cách đánh tiếp cận
oh	ồ
arab	Ả Rập
lose heart	nản lòng
over	kết thúc / bên kia
luck	may mắn
to spill	làm đổ
nursing	điều dưỡng
square	vuông / quảng trường
fight	cuộc đánh nhau
aim	mục tiêu
field	cánh đồng / lĩnh vực
sign	dấu hiệu / biển
consent	đồng ý
prize	giải thưởng
feast	bữa tiệc
pipe	ống
ball	quả bóng
cut	cắt
end	kết thúc
code	mã
sisters	chị em
date	ngày / buổi hẹn
top	đỉnh
abuse	lạm dụng
king	vua
control	kiểm soát
relation	quan hệ
term	thuật ngữ / kỳ hạn
